URL_LENGTH,NUMBER_SPECIAL_CHARACTERS,CHARSET_1,CHARSET_2,CHARSET_3,CHARSET_4,WHOIS_COUNTRY,TCP_CONVERSATION_EXCHANGE,DIST_REMOTE_TCP_PORT,REMOTE_IPS,APP_BYTES,SOURCE_APP_PACKETS,REMOTE_APP_PACKETS,SOURCE_APP_BYTES,REMOTE_APP_BYTES,APP_PACKETS,DNS_QUERY_TIMES
34,7,1,0,0,0,0.04740406320541761,23,3,11,2042,29,29,7939,2520,29,6.0
145,31,0,1,0,0,0.04740406320541761,10,3,3,1354,18,19,2517,2010,18,8.0
55,8,0,1,0,0,0.214876033036621,24,3,9,1715,26,31,22292,1867,26,2.0
75,16,1,0,0,0,0.04740406320541761,33,3,8,3647,41,39,32399,4247,41,8.0
71,12,0,1,0,0,0.09580652013133378,25,3,5,3428,29,23,28007,3736,29,4.0
60,11,0,1,0,0,0.214876033036621,4,2,3,408,4,4,250,408,4,0.0
39,8,0,1,0,0,0.04740406320541761,22,9,10,1524,22,11,702,1524,22,0.0
60,12,0,1,0,0,0.214876033036621,113,0,3,7746,117,134,229040,8062,117,4.0
39,8,0,1,0,0,0.04740406320541761,6,2,3,492,6,3,184,492,6,0.0
32,6,0,1,0,0,0.214876033036621,4,3,2,432,4,5,310,432,4,0.0
48,9,0,1,0,0,0.04740406320541761,0,0,0,0,0,0,0,0,0,0.0
39,10,0,1,0,0,0.04740406320541761,57,49,5,5951,65,64,56509,6543,65,8.0
70,12,0,1,0,0,0.214876033036621,15,0,3,1150,17,17,15499,1304,17,2.0
39,8,0,1,0,0,0.10308492539855425,0,0,0,0,0,0,0,0,0,0.0
52,8,0,1,0,0,0.0489267334746623,0,0,0,0,0,0,0,0,0,0.0
101,15,0,1,0,0,0.016914153705329456,4,2,2,276,4,5,416,276,4,2.263483146067416
44,8,0,1,0,0,0.04740406320541761,71,1,6,5647,79,79,120385,6295,79,8.0
66,13,0,1,0,0,0.214876033036621,0,0,0,0,0,0,0,0,0,0.0
42,10,1,0,0,0,0.04740406320541761,23,0,2,3969,29,24,12354,4433,29,6.0
103,21,0,1,0,0,0.04740406320541761,0,0,0,0,0,0,0,0,0,0.0
50,12,1,0,0,0,0.04740406320541761,17,0,5,1570,21,21,6049,1842,21,4.0
36,11,0,1,0,0,0.214876033036621,21,1,5,2359,29,23,3542,2951,29,8.0
25,6,0,1,0,0,0.016914153705329456,0,0,0,0,0,0,0,0,0,0.0
40,7,0,1,0,0,0.016914153705329456,76,9,7,8268,84,88,117625,8898,84,8.0
69,14,0,1,0,0,0.04740406320541761,0,0,0,0,0,0,0,0,0,0.0
46,8,1,0,0,0,0.214876033036621,74,0,2,18084,78,96,113453,18384,78,4.0
24,9,1,0,0,0,0.12263051731655518,7,0,2,720,9,10,1269,868,9,2.0
28,9,0,1,0,0,0.2821016227362368,5,0,1,592,7,9,1062,732,7,2.0
35,9,0,1,0,0,0.214876033036621,12,1,5,1340,16,12,964,1622,16,4.0
62,11,0,1,0,0,0.214876033036621,21,5,7,1810,25,21,2519,2102,25,4.0
37,9,0,1,0,0,0.08411951038412753,11,10,7,834,11,14,882,834,11,0.0
28,7,0,0,1,0,0.04740406320541761,5,0,2,556,9,9,1154,860,9,4.0
63,13,0,0,1,0,0.04740406320541761,32,20,13,3967,38,44,23969,4429,38,6.0
28,7,1,0,0,0,0.09779972707585245,8,4,6,696,8,10,634,696,8,0.0
41,11,0,1,0,0,0.214876033036621,15,1,5,1653,21,19,2798,2103,21,6.0
146,28,0,1,0,0,0.9393046570130593,0,0,0,0,0,2,124,0,0,0.0
194,17,0,1,0,0,0.9393046570130593,0,0,0,0,0,3,186,0,0,0.0
45,9,0,1,0,0,0.04740406320541761,47,41,4,6464,55,53,39038,7072,55,8.0
46,8,0,1,0,0,0.04740406320541761,15,8,6,2218,19,18,5203,2546,19,4.0
42,7,0,1,0,0,0.04740406320541761,71,9,13,7856,77,68,82332,8384,77,6.0
45,8,1,0,0,0,0.04740406320541761,44,0,2,4044,46,46,82259,4204,46,2.0
59,15,0,1,0,0,0.04740406320541761,20,6,5,2638,28,25,6137,3208,28,8.0
59,12,0,1,0,0,0.10308492539855425,0,0,0,0,0,0,0,0,0,0.0
29,7,1,0,0,0,0.016914153705329456,0,0,0,0,0,0,0,0,0,0.0
54,11,1,0,0,0,0.04740406320541761,0,0,0,0,0,0,0,0,0,0.0
70,13,0,1,0,0,0.04740406320541761,0,0,0,0,0,0,0,0,0,0.0
52,10,1,0,0,0,0.04740406320541761,0,0,0,0,0,0,0,0,0,0.0
100,20,0,1,0,0,0.9393046570130593,0,0,0,0,0,3,186,0,0,0.0
39,8,0,1,0,0,0.04740406320541761,0,0,0,0,0,0,0,0,0,0.0
59,11,0,1,0,0,0.214876033036621,10,7,5,768,10,13,890,768,10,0.0
87,16,0,1,0,0,0.04740406320541761,17,9,2,3124,23,21,9563,3564,23,6.0
50,9,1,0,0,0,0.04740406320541761,0,0,0,0,0,0,0,0,0,0.0
42,9,1,0,0,0,0.0489267334746623,0,0,0,0,0,0,0,0,0,0.0
41,9,1,0,0,0,0.0489267334746623,0,0,0,0,0,0,0,0,0,0.0
42,9,0,1,0,0,0.04740406320541761,0,0,0,0,0,0,0,0,0,0.0
126,25,0,1,0,0,0.9393046570130593,0,0,0,0,0,2,124,0,0,0.0
70,14,1,0,0,0,0.0489267334746623,0,0,0,0,0,0,0,0,0,0.0
55,11,0,1,0,0,0.04740406320541761,42,36,2,6128,50,50,41385,6736,50,8.0
46,10,0,1,0,0,0.04740406320541761,38,26,12,4376,44,47,40918,4832,44,6.0
50,11,1,0,0,0,0.2464738737604001,7,0,2,746,9,11,2189,904,9,2.0
63,11,1,0,0,0,0.214876033036621,4,4,1,420,4,6,476,420,4,0.0
38,7,1,0,0,0,0.04740406320541761,20,0,3,1578,24,24,20606,1890,24,4.0
65,12,0,1,0,0,0.016914153705329456,35,9,12,2820,43,26,3034,3428,43,8.0
78,13,1,0,0,0,0.04740406320541761,62,0,3,4725,66,65,97272,5023,66,4.0
69,11,0,1,0,0,0.04740406320541761,3,3,1,366,3,4,244,366,3,0.0
106,18,0,1,0,0,0.04740406320541761,7,5,5,630,7,8,508,630,7,0.0
60,13,0,1,0,0,0.214876033036621,10,8,2,12231,10,11,1186,12231,10,0.0
39,8,0,1,0,0,0.04740406320541761,0,0,0,0,0,0,0,0,0,0.0
33,9,0,1,0,0,0.04740406320541761,0,0,0,0,0,0,0,0,0,0.0
33,8,0,1,0,0,0.04740406320541761,32,11,6,3694,40,32,11543,4286,40,8.0
50,10,0,1,0,0,0.04740406320541761,80,3,5,8291,88,93,135375,8889,88,8.0
82,17,0,1,0,0,0.04740406320541761,3,0,1,488,5,6,482,632,5,2.0
59,12,0,1,0,0,0.04740406320541761,14,0,3,1438,18,16,4800,1734,18,4.0
30,7,1,0,0,0,0.04740406320541761,48,3,6,3418,52,48,57377,3706,52,4.0
48,11,1,0,0,0,0.04740406320541761,24,0,2,4041,30,25,12420,4505,30,6.0
43,7,0,0,1,0,0.214876033036621,39,9,5,4044,43,39,44173,4420,43,4.0
34,7,0,1,0,0,0.04740406320541761,0,0,0,0,0,0,0,0,0,0.0
29,6,0,1,0,0,0.04740406320541761,0,0,0,0,0,0,0,0,0,0.0
56,12,0,1,0,0,0.12640152255382542,10,4,4,944,14,15,3869,1252,14,4.0
123,24,0,1,0,0,0.04740406320541761,95,89,9,7556,99,157,244958,7848,99,4.0
50,10,0,1,0,0,0.04740406320541761,0,0,0,0,0,0,0,0,0,0.0
57,10,0,1,0,0,0.214876033036621,16,0,7,1293,20,19,1754,1617,20,4.0
72,16,0,1,0,0,0.04740406320541761,0,0,0,0,0,0,0,0,0,0.0
36,10,0,1,0,0,0.214876033036621,208,18,9,20074,228,216,270752,21646,228,20.0
32,9,0,1,0,0,0.214876033036621,17,5,8,1314,19,26,1881,1452,19,2.0
67,10,0,1,0,0,0.04740406320541761,0,0,0,0,0,0,0,0,0,0.0
36,9,0,1,0,0,0.214876033036621,11,1,4,1266,15,12,966,1554,15,4.0
116,18,0,0,1,0,0.016914153705329456,24,0,4,2314,28,38,43123,2616,28,4.0
25,6,0,1,0,0,0.10605442842508905,18,7,9,1586,22,17,1735,1898,22,4.0
67,12,1,0,0,0,0.04740406320541761,16,6,6,2135,20,22,3485,2443,20,4.0
170,17,0,1,0,0,0.9393046570130593,0,0,0,0,0,2,124,0,0,0.0
194,16,0,1,0,0,0.9393046570130593,0,0,0,0,0,3,186,0,0,0.0
46,12,1,0,0,0,0.04740406320541761,7,0,2,742,9,10,1263,890,9,2.0
68,12,0,1,0,0,0.04740406320541761,40,34,3,6020,48,45,37704,6628,48,8.0
56,11,0,1,0,0,0.04740406320541761,0,0,0,0,0,0,0,0,0,0.0
65,14,0,1,0,0,0.04740406320541761,32,11,12,2232,32,14,954,2232,32,0.0
57,10,1,0,0,0,0.04740406320541761,31,0,5,2335,33,37,35231,2493,33,2.0
39,8,0,1,0,0,0.04740406320541761,0,0,0,0,0,0,0,0,0,0.0
55,12,0,1,0,0,0.04740406320541761,0,0,0,0,0,0,0,0,0,0.0
39,9,1,0,0,0,0.04740406320541761,35,0,2,3234,38,38,129083,3384,38,2.0
55,12,1,0,0,0,0.11705246978538265,26,12,3,3229,34,32,16895,3837,34,8.0
33,11,0,1,0,0,0.214876033036621,8,0,2,1045,12,11,1362,1333,12,4.0
44,9,0,1,0,0,0.04740406320541761,0,0,0,0,0,0,0,0,0,0.0
35,9,0,1,0,0,0.08411951038412753,4,3,2,420,4,4,244,420,4,0.0
45,11,0,1,0,0,0.04740406320541761,0,0,0,0,0,0,0,0,0,0.0
73,15,1,0,0,0,0.04740406320541761,23,4,3,2425,29,36,33598,2881,29,6.0
101,20,0,1,0,0,0.04740406320541761,45,40,4,4721,49,74,82395,5009,49,4.0
37,8,0,1,0,0,0.04740406320541761,44,0,4,3767,48,48,129181,4079,48,4.0
42,7,0,1,0,0,0.04740406320541761,0,0,0,0,0,0,0,0,0,0.0
42,7,0,1,0,0,0.016914153705329456,0,0,0,0,0,0,0,0,0,0.0
62,12,1,0,0,0,0.0489267334746623,0,0,0,0,0,0,0,0,0,0.0
46,8,0,1,0,0,0.10143705470625013,12,0,3,1716,16,17,11285,2012,16,4.0
77,13,0,1,0,0,0.04740406320541761,33,1,5,3244,43,40,24630,4114,43,10.0
61,11,0,1,0,0,0.04740406320541761,25,20,3,3252,29,35,36967,3540,29,4.0
90,17,0,1,0,0,0.016914153705329456,17,3,4,2162,23,24,14374,2634,23,6.0
53,11,0,1,0,0,0.04740406320541761,26,8,11,1668,26,13,894,1668,26,0.0
45,9,1,0,0,0,0.0489267334746623,70,3,8,5631,77,65,82281,6091,77,6.0
57,11,0,1,0,0,0.214876033036621,2,2,1,356,2,4,246,356,2,0.0
55,10,0,1,0,0,0.04740406320541761,0,0,0,0,0,0,0,0,0,0.0
51,9,1,0,0,0,0.04740406320541761,17,8,6,1278,17,10,634,1278,17,0.0
94,19,0,1,0,0,0.04740406320541761,0,0,0,0,0,3,186,0,0,0.0
67,9,0,0,1,0,0.04740406320541761,27,9,5,3471,33,32,23243,3967,33,6.0
135,26,0,1,0,0,0.9393046570130593,0,0,0,0,0,3,186,0,0,0.0
63,12,0,0,1,0,0.214876033036621,104,0,2,7535,106,124,204971,7683,106,2.0
42,8,1,0,0,0,0.04740406320541761,0,0,0,0,0,0,0,0,0,0.0
35,8,0,1,0,0,0.04740406320541761,21,12,12,1446,21,24,1788,1446,21,0.0
40,9,0,1,0,0,0.04740406320541761,0,0,0,0,0,0,0,0,0,0.0
80,17,1,0,0,0,0.10605442842508905,22,18,3,3156,22,15,4966,3156,22,0.0
49,9,1,0,0,0,0.04740406320541761,0,0,0,0,0,0,0,0,0,0.0
144,21,0,1,0,0,0.214876033036621,21,0,4,2854,25,17,3490,3146,25,4.0
79,14,0,1,0,0,0.04740406320541761,0,0,0,0,0,0,0,0,0,0.0
72,14,0,1,0,0,0.11705246978538265,0,0,0,0,0,0,0,0,0,0.0
47,10,0,1,0,0,0.1293369061013827,23,2,4,2112,29,31,13191,2530,29,6.0
69,12,0,1,0,0,0.04740406320541761,29,21,7,3997,35,30,16884,4425,35,6.0
35,11,0,1,0,0,0.214876033036621,19,1,5,2223,25,22,2996,2661,25,6.0
102,16,0,1,0,0,0.016914153705329456,0,0,0,0,0,0,0,0,0,0.0
100,20,0,1,0,0,0.9393046570130593,0,0,0,0,0,2,124,0,0,0.0
37,7,0,1,0,0,0.04740406320541761,4,0,3,268,6,6,557,444,6,2.0
88,15,0,1,0,0,0.04740406320541761,20,2,8,2133,24,26,17337,2437,24,4.0
33,6,0,1,0,0,0.04740406320541761,24,1,4,3375,28,30,18396,3703,28,4.0
53,10,0,1,0,0,0.04740406320541761,0,0,0,0,0,0,0,0,0,0.0
146,24,0,1,0,0,0.04740406320541761,29,20,8,4167,33,33,3181,4499,33,4.0
79,9,0,1,0,0,0.04740406320541761,0,0,0,0,0,0,0,0,0,0.0
122,23,0,1,0,0,0.9393046570130593,0,0,0,0,0,2,124,0,0,0.0
49,9,1,0,0,0,0.04740406320541761,2,2,1,276,2,3,184,276,2,0.0
82,18,0,1,0,0,0.04740406320541761,45,2,5,3565,49,49,58127,3903,49,4.0
67,10,0,1,0,0,0.04740406320541761,12,3,7,960,12,11,706,960,12,0.0
32,8,0,1,0,0,0.04740406320541761,24,2,4,1888,28,25,40314,2168,28,4.0
56,9,1,0,0,0,0.04740406320541761,26,18,7,3928,32,27,10186,4368,32,6.0
71,12,1,0,0,0,0.016914153705329456,49,0,7,3878,53,51,55460,4174,53,4.0
42,8,1,0,0,0,0.04740406320541761,15,0,6,1980,19,17,5911,2334,19,4.0
39,7,0,1,0,0,0.1545733470930658,0,0,0,0,0,0,0,0,0,0.0
25,6,0,1,0,0,0.04740406320541761,0,0,0,0,0,0,0,0,0,0.0
95,14,0,1,0,0,0.1293369061013827,0,0,0,0,0,0,0,0,0,0.0
72,13,0,1,0,0,0.214876033036621,9,0,3,1165,15,16,1673,1673,15,6.0
43,7,1,0,0,0,0.1293369061013827,45,3,7,4178,51,50,44810,4646,51,6.0
53,9,0,1,0,0,0.04740406320541761,0,0,0,0,0,0,0,0,0,0.0
74,12,0,0,1,0,0.016914153705329456,5,4,2,486,5,6,480,486,5,0.0
37,9,0,1,0,0,0.10143705470625013,15,6,7,1283,17,15,2201,1425,17,2.0
98,16,0,1,0,0,0.214876033036621,16,7,10,1176,16,16,1030,1176,16,0.0
92,17,0,1,0,0,0.04740406320541761,16,1,6,1607,22,18,1690,2055,22,6.0
53,10,1,0,0,0,0.214876033036621,9,5,7,762,9,10,640,762,9,0.0
73,17,0,1,0,0,0.09369611525393239,11,6,8,810,11,14,913,810,11,0.0
56,9,1,0,0,0,0.214876033036621,0,0,0,0,0,0,0,0,0,0.0
57,10,1,0,0,0,0.04740406320541761,63,58,6,8280,75,65,23559,9168,75,12.0
57,10,0,0,1,0,0.214876033036621,62,0,3,4725,66,65,97272,5023,66,4.0
28,6,0,1,0,0,0.04740406320541761,26,19,3,2632,30,36,27404,2916,30,4.0
57,11,0,1,0,0,0.10605442842508905,18,4,6,1965,22,21,7616,2249,22,4.0
42,8,0,1,0,0,0.0489267334746623,14,0,3,1102,16,8,1015,1248,16,2.0
40,9,0,0,1,0,0.04740406320541761,3,3,1,366,3,5,306,366,3,0.0
40,7,0,1,0,0,0.016914153705329456,0,0,0,0,0,0,0,0,0,0.0
26,7,0,1,0,0,0.214876033036621,11,9,7,882,11,9,562,882,11,0.0
51,8,1,0,0,0,0.04740406320541761,0,0,0,0,0,0,0,0,0,0.0
38,9,0,1,0,0,0.04740406320541761,19,0,3,1851,23,23,15551,2143,23,4.0
110,21,0,1,0,0,0.214876033036621,0,0,0,0,0,0,0,0,0,0.0
26,7,0,1,0,0,0.04740406320541761,46,12,11,3783,50,18,5605,4047,50,4.0
81,17,0,1,0,0,0.04740406320541761,0,0,0,0,0,2,124,0,0,0.0
68,13,0,1,0,0,0.016914153705329456,0,0,0,0,0,0,0,0,0,0.0
60,11,1,0,0,0,0.04740406320541761,0,0,0,0,0,0,0,0,0,0.0
126,22,0,1,0,0,0.214876033036621,2,2,1,356,2,4,246,356,2,0.0
77,13,1,0,0,0,0.04740406320541761,17,7,9,1206,17,15,991,1206,17,0.0
48,9,0,1,0,0,0.04740406320541761,25,4,8,2313,29,29,9531,2621,29,4.0
109,18,0,1,0,0,0.04740406320541761,0,0,0,0,0,0,0,0,0,0.0
39,8,0,1,0,0,0.04740406320541761,5,3,2,498,5,7,438,498,5,0.0
39,8,0,1,0,0,0.04740406320541761,0,0,0,0,0,0,0,0,0,0.0
67,9,1,0,0,0,0.04740406320541761,0,0,0,0,0,0,0,0,0,0.0
35,7,0,1,0,0,0.04740406320541761,3,3,1,366,3,4,244,366,3,0.0
60,13,1,0,0,0,0.04740406320541761,1,1,1,202,1,4,250,202,1,0.0
154,21,0,1,0,0,0.04740406320541761,33,10,8,3764,41,23,7356,4412,41,8.0
83,17,0,1,0,0,0.214876033036621,0,0,0,0,0,0,0,0,0,0.0
42,9,0,1,0,0,0.10308492539855425,5,0,3,334,7,6,412,474,7,2.0
71,13,0,1,0,0,0.04740406320541761,0,0,0,0,0,0,0,0,0,0.0
81,14,0,1,0,0,0.04740406320541761,75,8,16,7388,79,76,65108,7734,79,4.0
46,10,0,1,0,0,0.04740406320541761,0,0,0,0,0,0,0,0,0,0.0
51,10,1,0,0,0,0.10308492539855425,0,0,0,0,0,0,0,0,0,0.0
78,12,0,1,0,0,0.04740406320541761,19,6,4,2781,24,24,18410,3085,24,4.0
36,8,0,1,0,0,0.04740406320541761,85,73,9,7506,91,96,107416,7962,91,6.0
51,9,0,1,0,0,0.04740406320541761,0,0,0,0,0,0,0,0,0,0.0
43,13,0,1,0,0,0.214876033036621,11,1,4,1266,15,12,966,1554,15,4.0
75,12,0,1,0,0,0.04740406320541761,0,0,0,0,0,0,0,0,0,0.0
97,17,0,1,0,0,0.04740406320541761,43,0,2,3252,47,47,60076,3564,47,4.0
45,8,0,1,0,0,0.04740406320541761,8,4,3,660,8,6,476,660,8,0.0
31,7,0,1,0,0,0.04740406320541761,27,0,3,2743,33,33,43878,3181,33,6.0
42,8,0,1,0,0,0.016914153705329456,0,0,0,0,0,0,0,0,0,0.0
118,23,0,1,0,0,0.04740406320541761,30,3,6,2624,34,33,30904,2904,34,4.0
26,6,0,1,0,0,0.04740406320541761,7,0,2,984,11,12,1650,1300,11,4.0
71,11,0,1,0,0,0.11705246978538265,28,4,5,2794,32,32,30923,3110,32,4.0
108,21,1,0,0,0,0.04740406320541761,0,0,0,0,0,0,0,0,0,0.0
39,9,1,0,0,0,0.214876033036621,10,4,5,816,10,7,436,816,10,0.0
24,6,1,0,0,0,0.04740406320541761,19,5,9,1390,21,25,3890,1540,21,2.0
68,15,0,1,0,0,0.04740406320541761,47,37,6,5242,53,55,49446,5670,53,6.0
33,8,0,1,0,0,0.04740406320541761,0,0,0,0,0,0,0,0,0,0.0
28,7,0,1,0,0,0.04740406320541761,66,5,11,6311,70,64,63634,6633,70,4.0
53,9,0,1,0,0,0.04740406320541761,12,3,3,960,12,16,1024,960,12,0.0
57,10,0,1,0,0,0.04740406320541761,0,0,0,0,0,0,0,0,0,0.0
47,10,0,1,0,0,0.214876033036621,34,0,5,4084,42,37,36205,4684,42,8.0
31,7,0,1,0,0,0.016914153705329456,4,3,2,432,4,6,372,432,4,0.0
71,15,0,0,1,0,0.10308492539855425,0,0,0,0,0,0,0,0,0,0.0
71,13,0,1,0,0,0.04740406320541761,73,3,5,7802,79,82,105565,8302,79,6.0
21,6,0,1,0,0,0.214876033036621,13,1,5,1099,15,17,15476,1243,15,2.0
39,9,0,1,0,0,0.04740406320541761,0,0,0,0,0,0,0,0,0,0.0
60,12,0,1,0,0,0.04740406320541761,8,6,5,696,8,9,574,696,8,0.0
35,9,0,0,1,0,0.04740406320541761,49,10,6,2961,53,61,38255,3261,53,4.0
72,12,1,0,0,0,0.10462280885991233,28,2,5,2490,32,29,18969,2802,32,4.0
39,9,0,1,0,0,0.04740406320541761,0,0,0,0,0,0,0,0,0,0.0
69,13,0,1,0,0,0.016914153705329456,0,0,0,0,0,0,0,0,0,0.0
45,9,0,1,0,0,0.04740406320541761,0,0,0,0,0,0,0,0,0,0.0
23,6,0,1,0,0,0.214876033036621,0,0,0,0,0,0,0,0,0,0.0
46,9,0,1,0,0,0.04740406320541761,127,0,3,8942,131,144,233106,9242,131,4.0
92,15,0,1,0,0,0.04740406320541761,11,0,3,1358,17,16,9432,1798,17,6.0
33,9,0,1,0,0,0.214876033036621,23,1,5,2851,31,26,3814,3431,31,8.0
100,20,0,1,0,0,0.9393046570130593,0,0,0,0,0,2,124,0,0,0.0
36,7,0,1,0,0,0.04740406320541761,61,7,6,6100,65,79,123896,6388,65,4.0
41,9,1,0,0,0,0.04740406320541761,7,5,5,630,7,7,442,630,7,0.0
52,10,0,0,1,0,0.04740406320541761,4,3,2,420,4,7,424,420,4,0.0
42,9,1,0,0,0,0.04740406320541761,4,3,2,432,4,5,310,432,4,0.0
72,13,0,1,0,0,0.214876033036621,14,14,7,972,14,16,1144,972,14,0.0
37,11,1,0,0,0,0.214876033036621,44,2,10,5009,50,50,40316,5511,50,6.0
29,6,1,0,0,0,0.016914153705329456,0,0,0,0,0,0,0,0,0,0.0
37,7,0,1,0,0,0.04740406320541761,27,23,1,3355,33,35,31623,3781,33,6.0
26,6,1,0,0,0,0.04740406320541761,43,0,2,3252,47,47,60076,3564,47,4.0
24,6,0,1,0,0,0.214876033036621,6,3,2,528,6,4,244,528,6,0.0
39,9,0,1,0,0,0.04740406320541761,63,54,5,6884,73,70,57005,7630,73,10.0
30,6,1,0,0,0,0.214876033036621,18,17,5,1188,18,19,1451,1188,18,0.0
64,13,0,0,1,0,0.10462280885991233,16,1,5,1910,24,24,3124,2552,24,8.0
161,23,1,0,0,0,0.214876033036621,7,7,2,582,7,11,752,582,7,0.0
87,15,0,1,0,0,0.04740406320541761,14,0,5,1482,20,18,8797,1914,20,6.0
76,12,0,1,0,0,0.04740406320541761,0,0,0,0,0,0,0,0,0,0.0
40,13,0,1,0,0,0.214876033036621,12,1,4,1325,18,14,2091,1749,18,6.0
31,6,0,0,1,0,0.214876033036621,18,14,3,2201,22,23,7756,2543,22,4.0
49,9,1,0,0,0,0.04740406320541761,0,0,0,0,0,0,0,0,0,0.0
43,9,1,0,0,0,0.0489267334746623,0,0,0,0,0,0,0,0,0,0.0
45,11,0,1,0,0,0.04740406320541761,14,0,7,1201,18,17,4922,1495,18,4.0
40,9,0,1,0,0,0.214876033036621,16,11,2,2272,20,26,16035,2576,20,4.0
37,7,1,0,0,0,0.04740406320541761,0,0,0,0,0,0,0,0,0,0.0
61,10,1,0,0,0,0.04740406320541761,0,0,0,0,0,0,0,0,0,0.0
135,26,0,1,0,0,0.9393046570130593,0,0,0,0,0,3,186,0,0,0.0
43,7,0,1,0,0,0.04740406320541761,64,5,13,6081,69,71,63457,6463,69,4.0
118,28,0,1,0,0,0.04740406320541761,10,2,6,970,14,11,1484,1298,14,4.0
47,11,0,1,0,0,0.04740406320541761,24,19,2,3538,30,33,22895,3994,30,6.0
42,9,0,1,0,0,0.214876033036621,6,5,2,540,6,7,473,540,6,0.0
50,10,1,0,0,0,0.214876033036621,10,0,4,926,14,13,1788,1266,14,4.0
34,9,1,0,0,0,0.214876033036621,9,0,4,850,11,14,1382,990,11,2.0
50,11,0,1,0,0,0.04740406320541761,34,25,9,3787,42,42,33677,4365,42,8.0
66,15,1,0,0,0,0.214876033036621,0,0,0,0,0,0,0,0,0,0.0
36,8,1,0,0,0,0.2821016227362368,6,0,4,372,8,10,703,520,8,2.0
39,8,0,1,0,0,0.04740406320541761,0,0,0,0,0,0,0,0,0,0.0
107,23,0,1,0,0,0.04740406320541761,6,3,2,564,6,4,244,564,6,0.0
49,9,1,0,0,0,0.04740406320541761,0,0,0,0,0,0,0,0,0,0.0
36,11,0,1,0,0,0.214876033036621,17,1,7,1770,23,17,2579,2210,23,6.0
39,8,1,0,0,0,0.04740406320541761,0,0,0,0,0,0,0,0,0,0.0
38,10,1,0,0,0,0.016914153705329456,14,4,6,888,14,5,316,888,14,0.0
41,8,0,0,1,0,0.04740406320541761,10,3,5,1202,14,16,1335,1500,14,4.0
47,9,0,0,1,0,0.04740406320541761,0,0,0,0,0,0,0,0,0,0.0
31,8,0,0,1,0,0.04740406320541761,103,0,3,7073,105,113,179439,7217,105,2.0
52,9,0,1,0,0,0.214876033036621,22,8,7,1628,26,25,14894,1944,26,4.0
43,11,0,1,0,0,0.214876033036621,18,1,5,2188,24,22,3031,2640,24,6.0
73,13,1,0,0,0,0.04740406320541761,0,0,0,0,0,0,0,0,0,0.0
51,11,1,0,0,0,0.04740406320541761,0,0,0,0,0,0,0,0,0,0.0
88,16,0,1,0,0,0.04740406320541761,0,0,0,0,0,0,0,0,0,0.0
100,20,0,1,0,0,0.9393046570130593,0,0,0,0,0,2,124,0,0,0.0
35,8,0,1,0,0,0.04740406320541761,37,0,3,3263,43,42,52720,3697,43,6.0
62,13,0,1,0,0,0.016914153705329456,0,0,0,0,0,0,0,0,0,0.0
39,10,0,1,0,0,0.04740406320541761,12,5,5,912,12,4,244,912,12,0.0
85,18,1,0,0,0,0.04740406320541761,0,0,0,0,0,0,0,0,0,0.0
87,17,0,1,0,0,0.04740406320541761,0,0,0,0,0,0,0,0,0,0.0
38,8,1,0,0,0,0.214876033036621,18,0,1,1458,20,20,19623,1616,20,2.0
52,14,0,1,0,0,0.31346036063705446,41,0,1,2992,43,44,65646,3144,43,2.0
54,11,1,0,0,0,0.04740406320541761,29,1,7,4558,31,37,26259,4724,31,2.0
29,6,1,0,0,0,0.04740406320541761,0,0,0,0,0,0,0,0,0,0.0
53,12,0,1,0,0,0.04740406320541761,0,0,0,0,0,0,0,0,0,0.0
53,10,0,1,0,0,0.016914153705329456,0,0,0,0,0,0,0,0,0,0.0
37,8,1,0,0,0,0.04740406320541761,4,2,2,408,4,5,328,408,4,0.0
89,16,0,1,0,0,0.04740406320541761,9,3,4,738,9,5,306,738,9,0.0
58,9,1,0,0,0,0.04740406320541761,0,0,0,0,0,0,0,0,0,0.0
45,7,1,0,0,0,0.04740406320541761,0,0,0,0,0,0,0,0,0,0.0
32,7,0,1,0,0,0.214876033036621,7,0,3,734,11,12,7145,1060,11,4.0
45,10,1,0,0,0,0.214876033036621,28,2,5,3409,30,19,18392,3565,30,2.0
29,8,0,1,0,0,0.04740406320541761,33,6,5,3533,37,35,46688,3859,37,4.0
64,10,0,1,0,0,0.12263051731655518,15,2,5,1238,17,9,760,1430,17,2.0
60,10,0,1,0,0,0.04740406320541761,0,0,0,0,0,0,0,0,0,0.0
49,10,0,1,0,0,0.04740406320541761,0,0,0,0,0,0,0,0,0,0.0
72,12,0,1,0,0,0.18542786213928789,0,0,0,0,0,0,0,0,0,0.0
51,11,0,0,1,0,0.214876033036621,22,6,8,1651,24,17,1388,1787,24,2.0
105,20,1,0,0,0,0.214876033036621,22,0,3,2790,26,26,23294,3104,26,4.0
58,10,0,0,1,0,0.04740406320541761,0,0,0,0,0,0,0,0,0,0.0
45,9,0,1,0,0,0.04740406320541761,0,0,0,0,0,0,0,0,0,0.0
56,10,0,0,1,0,0.04740406320541761,0,0,0,0,0,0,0,0,0,0.0
20,6,0,1,0,0,0.04740406320541761,0,0,0,0,0,0,0,0,0,0.0
82,13,1,0,0,0,0.11705246978538265,8,3,6,696,8,9,574,696,8,0.0
53,11,0,1,0,0,0.214876033036621,0,0,0,0,0,0,0,0,0,0.0
35,8,0,1,0,0,0.04740406320541761,0,0,0,0,0,0,0,0,0,0.0
35,9,0,1,0,0,0.214876033036621,4,4,2,432,4,6,372,432,4,0.0
43,10,0,1,0,0,0.214876033036621,0,0,0,0,0,2,124,0,0,0.0
46,10,1,0,0,0,0.04740406320541761,20,2,6,3089,24,24,7088,3391,24,4.0
45,10,0,1,0,0,0.04740406320541761,33,29,2,5852,42,39,37285,6460,42,8.0
29,6,1,0,0,0,0.214876033036621,26,6,5,2519,30,30,22379,2851,30,4.0
36,8,0,1,0,0,0.04740406320541761,5,3,3,498,5,7,438,498,5,0.0
51,8,0,1,0,0,0.04740406320541761,0,0,0,0,0,0,0,0,0,0.0
44,9,1,0,0,0,0.04740406320541761,15,0,6,1556,21,20,9023,1988,21,6.0
55,9,0,1,0,0,0.10462280885991233,0,0,0,0,0,0,0,0,0,0.0
101,19,0,1,0,0,0.04740406320541761,47,0,2,4104,51,84,131895,4380,51,4.0
45,9,1,0,0,0,0.214876033036621,0,0,0,0,0,0,0,0,0,0.0
45,7,0,1,0,0,0.04740406320541761,0,0,0,0,0,0,0,0,0,0.0
50,9,0,1,0,0,0.04740406320541761,5,3,3,498,5,6,372,498,5,0.0
86,17,0,1,0,0,0.04740406320541761,0,0,0,0,0,0,0,0,0,0.0
30,6,0,0,1,0,0.04740406320541761,90,6,14,8646,92,100,95659,8808,92,2.0
65,10,1,0,0,0,0.04740406320541761,43,35,3,5029,49,54,44203,5469,49,6.0
43,8,0,1,0,0,0.1293369061013827,15,6,5,1528,21,21,3023,1988,21,6.0
40,9,1,0,0,0,0.0489267334746623,0,0,0,0,0,0,0,0,0,0.0
63,11,1,0,0,0,0.214876033036621,19,10,1,3181,25,25,16286,3605,25,6.0
42,9,1,0,0,0,0.04740406320541761,0,0,0,0,0,0,0,0,0,0.0
32,7,0,1,0,0,0.04740406320541761,0,0,0,0,0,0,0,0,0,0.0
78,11,0,1,0,0,0.04740406320541761,17,9,9,1594,17,18,1152,1594,17,0.0
50,12,1,0,0,0,0.04740406320541761,0,0,0,0,0,0,0,0,0,0.0
38,9,1,0,0,0,0.04740406320541761,0,0,0,0,0,0,0,0,0,0.0
27,6,0,1,0,0,0.04740406320541761,3,3,1,366,3,5,306,366,3,0.0
78,16,0,1,0,0,0.04740406320541761,13,6,9,1026,13,14,904,1026,13,0.0
46,10,0,1,0,0,0.04740406320541761,22,18,1,3331,28,27,62295,3739,28,6.0
30,6,0,1,0,0,0.04740406320541761,2,2,1,276,2,4,250,276,2,0.0
39,8,0,1,0,0,0.04740406320541761,0,0,0,0,0,0,0,0,0,0.0
81,18,1,0,0,0,0.04740406320541761,11,6,1,2088,15,15,7459,2388,15,4.0
39,8,0,1,0,0,0.04740406320541761,69,60,5,8450,81,80,68036,9350,81,12.0
71,16,1,0,0,0,0.04740406320541761,0,0,0,0,0,0,0,0,0,0.0
44,9,0,1,0,0,0.04740406320541761,39,19,10,2742,39,5,306,2742,39,0.0
77,15,0,0,1,0,0.04740406320541761,5,5,3,498,5,8,508,498,5,0.0
49,12,0,1,0,0,0.04740406320541761,32,16,6,4464,40,39,39561,5064,40,8.0
59,11,1,0,0,0,0.04740406320541761,0,0,0,0,0,0,0,0,0,0.0
39,8,0,1,0,0,0.04740406320541761,2,2,1,276,2,4,244,276,2,0.0
48,11,0,1,0,0,0.214876033036621,26,2,8,2873,34,37,5727,3453,34,8.0
31,6,0,0,1,0,0.04740406320541761,23,1,4,2262,29,28,16553,2736,29,6.0
38,8,0,1,0,0,0.04740406320541761,13,13,9,1002,13,16,1012,1002,13,0.0
42,11,0,1,0,0,0.214876033036621,18,1,4,2185,24,21,2969,2637,24,6.0
49,10,0,1,0,0,0.04740406320541761,26,0,7,2270,30,24,10000,2562,30,4.0
83,11,0,1,0,0,0.09369611525393239,11,4,4,1278,17,16,1874,1750,17,6.0
49,9,0,1,0,0,0.04740406320541761,3,3,1,366,3,4,244,366,3,0.0
234,34,1,0,0,0,0.04740406320541761,0,0,0,0,0,0,0,0,0,0.0
55,10,0,1,0,0,0.04740406320541761,0,0,0,0,0,0,0,0,0,0.0
70,14,1,0,0,0,0.04740406320541761,0,0,0,0,0,0,0,0,0,0.0
52,12,1,0,0,0,0.04740406320541761,0,0,0,0,0,0,0,0,0,0.0
49,9,0,1,0,0,0.04740406320541761,12,3,4,864,12,6,372,864,12,0.0
44,10,0,1,0,0,0.0489267334746623,17,7,6,1242,17,13,962,1242,17,0.0
29,6,0,1,0,0,0.04740406320541761,21,6,11,1515,23,18,1334,1675,23,2.0
69,12,0,1,0,0,0.04740406320541761,0,0,0,0,0,0,0,0,0,0.0
64,11,0,1,0,0,0.04740406320541761,0,0,0,0,0,0,0,0,0,0.0
54,10,0,1,0,0,0.04740406320541761,12,7,1,2036,16,17,7035,2320,16,4.0
43,9,0,1,0,0,0.04740406320541761,29,10,11,2022,29,12,803,2022,29,0.0
99,15,0,1,0,0,0.016914153705329456,20,2,6,2010,24,24,13434,2334,24,4.0
58,10,1,0,0,0,0.016914153705329456,5,0,3,620,7,8,626,770,7,2.0
42,8,0,0,1,0,0.04740406320541761,0,0,0,0,0,0,0,0,0,0.0
35,6,0,0,1,0,0.04740406320541761,23,8,5,3087,29,27,19078,3535,29,6.0
46,8,0,1,0,0,0.04740406320541761,7,6,4,606,7,8,496,606,7,0.0
109,20,1,0,0,0,0.04740406320541761,0,0,0,0,0,0,0,0,0,0.0
26,6,0,0,1,0,0.04740406320541761,0,0,0,0,0,0,0,0,0,0.0
23,6,0,0,1,0,0.214876033036621,0,0,0,0,0,0,0,0,0,0.0
122,21,1,0,0,0,0.214876033036621,21,2,7,3425,23,16,12391,3591,23,2.0
29,7,0,1,0,0,0.016914153705329456,709,708,3,2362906,709,837,83056,2362906,709,0.0
65,12,1,0,0,0,0.04740406320541761,29,7,6,3999,37,37,17322,4619,37,8.0
66,11,1,0,0,0,0.04740406320541761,0,0,0,0,0,0,0,0,0,0.0
52,9,0,1,0,0,0.016914153705329456,4,4,1,420,4,5,414,420,4,0.0
100,17,0,1,0,0,0.214876033036621,35,9,12,2820,43,28,3254,3428,43,8.0
52,9,1,0,0,0,0.04740406320541761,0,0,0,0,0,0,0,0,0,0.0
30,8,0,1,0,0,0.04740406320541761,0,0,0,0,0,0,0,0,0,0.0
45,9,1,0,0,0,0.04740406320541761,8,0,2,805,12,11,1087,1099,12,4.0
35,7,0,1,0,0,0.016914153705329456,8,6,6,696,8,5,306,696,8,0.0
106,19,0,1,0,0,0.04740406320541761,54,3,5,5078,60,61,68512,5512,60,6.0
57,11,1,0,0,0,0.04740406320541761,0,0,0,0,0,0,0,0,0,0.0
37,10,0,1,0,0,0.04740406320541761,0,0,0,0,0,0,0,0,0,0.0
41,8,1,0,0,0,0.214876033036621,1,0,1,54,1,2,124,54,1,0.0
47,9,0,1,0,0,0.11705246978538265,0,0,0,0,0,0,0,0,0,0.0
105,21,0,1,0,0,0.04740406320541761,39,3,4,3238,43,44,26870,3550,43,4.0
51,11,0,1,0,0,0.04740406320541761,28,16,12,3227,32,31,12120,3507,32,4.0
113,21,1,0,0,0,0.04740406320541761,7,6,3,606,7,9,595,606,7,0.0
59,9,0,0,1,0,0.04740406320541761,14,0,1,1797,18,19,2308,2105,18,4.0
48,10,1,0,0,0,0.04740406320541761,22,0,2,3448,28,24,9819,3912,28,6.0
39,9,1,0,0,0,0.04740406320541761,8,4,6,684,8,12,762,684,8,0.0
38,9,1,0,0,0,0.04740406320541761,0,0,0,0,0,0,0,0,0,0.0
36,7,1,0,0,0,0.214876033036621,7,0,2,730,9,11,1284,870,9,2.0
57,11,1,0,0,0,0.04740406320541761,21,6,13,1627,25,23,2044,1933,25,4.0
89,12,0,1,0,0,0.04740406320541761,25,13,8,1818,25,7,438,1818,25,0.0
65,12,0,1,0,0,0.04740406320541761,9,0,3,1194,13,12,1736,1498,13,4.0
64,12,0,1,0,0,0.04740406320541761,5,4,2,498,5,9,570,498,5,0.0
50,9,0,0,1,0,0.04740406320541761,0,0,0,0,0,0,0,0,0,0.0
100,19,0,1,0,0,0.016914153705329456,27,0,2,3458,29,27,55407,3622,29,2.0
47,9,1,0,0,0,0.04740406320541761,0,0,0,0,0,0,0,0,0,0.0
36,7,0,0,1,0,0.214876033036621,8,0,2,784,10,11,16959,958,10,2.0
48,7,0,1,0,0,0.04740406320541761,47,10,6,4576,55,52,49426,5282,55,8.0
36,7,1,0,0,0,0.04740406320541761,0,0,0,0,0,0,0,0,0,0.0
92,19,0,1,0,0,0.04740406320541761,0,0,0,0,0,0,0,0,0,0.0
70,13,0,1,0,0,0.11705246978538265,16,13,2,1688,16,12,742,1688,16,0.0
86,17,0,1,0,0,0.04740406320541761,10,9,8,804,10,13,826,804,10,0.0
31,7,0,0,1,0,0.04740406320541761,7,0,2,707,11,11,1018,1031,11,4.0
20,7,0,1,0,0,0.1293369061013827,16,6,8,1492,20,20,2334,1784,20,4.0
31,8,0,1,0,0,0.04740406320541761,0,0,0,0,0,0,0,0,0,0.0
43,7,0,0,1,0,0.04740406320541761,17,7,3,2715,23,20,20139,3187,23,6.0
34,7,0,1,0,0,0.04740406320541761,42,0,3,4895,46,45,39544,5241,46,4.0
58,11,0,1,0,0,0.04740406320541761,44,37,6,6317,52,53,38708,6925,52,8.0
63,13,0,1,0,0,0.04740406320541761,0,0,0,0,0,0,0,0,0,0.0
44,9,0,1,0,0,0.04740406320541761,40,35,2,5987,48,48,38230,6595,48,8.0
34,9,1,0,0,0,0.04740406320541761,4,3,2,432,4,5,310,432,4,0.0
59,11,1,0,0,0,0.04740406320541761,38,4,10,3936,44,46,29443,4404,44,6.0
29,6,1,0,0,0,0.04740406320541761,10,2,9,612,12,14,918,772,12,2.0
41,10,1,0,0,0,0.04740406320541761,24,0,2,4034,30,26,12486,4498,30,6.0
48,9,1,0,0,0,0.04740406320541761,5,3,3,498,5,8,504,498,5,0.0
69,14,0,1,0,0,0.04740406320541761,31,2,8,2131,35,33,30035,2437,35,4.0
57,12,0,1,0,0,0.214876033036621,13,4,7,1074,13,5,306,1074,13,0.0
92,18,0,1,0,0,0.214876033036621,47,10,6,4576,55,52,49426,5282,55,8.0
41,9,0,1,0,0,0.04740406320541761,0,0,0,0,0,2,124,0,0,0.0
29,7,1,0,0,0,0.04740406320541761,32,21,8,4561,38,36,10429,4997,38,6.0
86,16,0,1,0,0,0.04740406320541761,67,4,10,6257,71,53,51527,6619,71,4.0
40,6,0,0,1,0,0.04740406320541761,22,0,2,1724,24,26,38477,1886,24,2.0
33,6,0,1,0,0,0.016914153705329456,0,0,0,0,0,0,0,0,0,0.0
45,8,1,0,0,0,0.04740406320541761,26,16,5,3891,34,35,37000,4567,34,8.0
47,10,1,0,0,0,0.214876033036621,0,0,0,0,0,0,0,0,0,0.0
100,20,0,1,0,0,0.9393046570130593,0,0,0,0,0,2,124,0,0,0.0
38,7,0,1,0,0,0.04740406320541761,44,0,4,5064,50,42,35677,5586,50,6.0
36,8,0,0,1,0,0.214876033036621,18,2,6,1706,22,19,2165,1994,22,4.0
51,10,0,1,0,0,0.04740406320541761,35,22,11,4677,41,33,14310,5093,41,6.0
35,7,0,1,0,0,0.04740406320541761,41,6,4,4769,45,42,69898,5119,45,4.0
58,12,0,1,0,0,0.31346036063705446,50,0,1,3592,52,53,66100,3744,52,2.0
64,13,0,1,0,0,0.04740406320541761,10,2,6,1197,14,17,1374,1503,14,4.0
50,11,1,0,0,0,0.04740406320541761,0,0,0,0,0,0,0,0,0,0.0
101,21,1,0,0,0,0.08411951038412753,0,0,0,0,0,0,0,0,0,0.0
45,9,0,1,0,0,0.04740406320541761,55,43,7,10205,69,56,38894,11305,69,14.0
32,8,1,0,0,0,0.04740406320541761,0,0,0,0,0,0,0,0,0,0.0
39,7,0,1,0,0,0.04740406320541761,0,0,0,0,0,0,0,0,0,0.0
41,9,1,0,0,0,0.0489267334746623,101,41,5,10813,110,101,142735,11423,110,8.0
40,11,0,1,0,0,0.214876033036621,19,1,5,2243,25,22,3021,2691,25,6.0
42,8,0,1,0,0,0.214876033036621,33,4,9,3088,41,34,12104,3720,41,8.0
98,18,0,1,0,0,0.04740406320541761,44,17,11,5171,52,46,36825,5811,52,8.0
92,16,0,1,0,0,0.04740406320541761,0,0,0,0,0,0,0,0,0,0.0
17,6,1,0,0,0,0.04740406320541761,31,22,3,3812,39,37,18784,4380,39,8.0
113,18,0,1,0,0,0.04740406320541761,0,0,0,0,0,0,0,0,0,0.0
56,11,0,1,0,0,0.11705246978538265,0,0,0,0,0,0,0,0,0,0.0
39,7,1,0,0,0,0.214876033036621,28,6,13,2721,30,29,15626,2879,30,2.0
36,7,0,1,0,0,0.04740406320541761,3,3,1,366,3,4,244,366,3,0.0
18,7,0,1,0,0,0.10308492539855425,11,6,9,894,11,13,838,894,11,0.0
33,6,0,1,0,0,0.04740406320541761,0,0,0,0,0,0,0,0,0,0.0
41,13,0,1,0,0,0.214876033036621,9,0,3,1142,13,12,1991,1430,13,4.0
33,8,0,1,0,0,0.04740406320541761,52,7,8,3438,56,51,46498,3718,56,4.0
23,6,1,0,0,0,0.04740406320541761,8,0,2,723,10,11,1837,871,10,2.0
40,7,0,1,0,0,0.04740406320541761,38,1,3,2995,44,37,41717,3531,44,6.0
34,9,1,0,0,0,0.2821016227362368,26,0,3,3569,32,31,10750,4037,32,6.0
54,11,1,0,0,0,0.04740406320541761,0,0,0,0,0,0,0,0,0,0.0
29,8,0,1,0,0,0.04740406320541761,17,9,10,1249,17,15,1062,1249,17,0.0
88,15,0,1,0,0,0.214876033036621,11,3,4,1346,15,16,1725,1670,15,4.0
72,14,0,1,0,0,0.08411951038412753,0,0,0,0,0,0,0,0,0,0.0
48,11,0,1,0,0,0.214876033036621,0,0,0,0,0,0,0,0,0,0.0
39,8,0,1,0,0,0.04740406320541761,16,7,3,2241,22,20,6701,2683,22,6.0
51,14,0,1,0,0,0.31346036063705446,46,0,1,3321,48,49,66184,3473,48,2.0
63,11,1,0,0,0,0.04740406320541761,31,5,6,2293,33,24,17664,2459,33,2.0
55,10,1,0,0,0,0.04740406320541761,0,0,0,0,0,0,0,0,0,0.0
99,22,1,0,0,0,0.10308492539855425,19,5,5,2137,23,29,17922,2425,23,4.0
42,10,1,0,0,0,0.04740406320541761,24,0,2,4035,30,25,12416,4499,30,6.0
89,14,0,1,0,0,0.214876033036621,7,6,2,786,7,7,432,786,7,0.0
141,30,0,1,0,0,0.04740406320541761,14,2,6,1649,16,19,14395,1789,16,2.0
44,9,0,1,0,0,0.04740406320541761,0,0,0,0,0,0,0,0,0,0.0
39,7,0,1,0,0,0.04740406320541761,0,0,0,0,0,0,0,0,0,0.0
100,15,0,1,0,0,0.016914153705329456,8,3,5,660,8,13,798,660,8,0.0
38,8,1,0,0,0,0.04740406320541761,0,0,0,0,0,0,0,0,0,0.0
67,14,0,1,0,0,0.04740406320541761,12,1,5,1366,18,17,2000,1850,18,6.0
36,8,0,0,1,0,0.214876033036621,0,0,0,0,0,0,0,0,0,0.0
39,8,0,1,0,0,0.04740406320541761,0,0,0,0,0,0,0,0,0,0.0
73,15,1,0,0,0,0.04740406320541761,0,0,0,0,0,0,0,0,0,0.0
36,8,1,0,0,0,0.12640152255382542,18,2,8,1432,20,27,2113,1572,20,2.0
35,8,0,1,0,0,0.04740406320541761,0,0,0,0,0,0,0,0,0,0.0
56,10,0,1,0,0,0.04740406320541761,0,0,0,0,0,0,0,0,0,0.0
56,12,1,0,0,0,0.214876033036621,0,0,0,0,0,0,0,0,0,0.0
68,14,0,1,0,0,0.04740406320541761,52,44,3,4703,56,57,69613,5033,56,4.0
39,9,0,1,0,0,0.214876033036621,0,0,0,0,0,0,0,0,0,0.0
41,8,0,1,0,0,0.04740406320541761,0,0,0,0,0,0,0,0,0,0.0
42,8,0,1,0,0,0.04740406320541761,0,0,0,0,0,0,0,0,0,0.0
136,43,0,1,0,0,0.214876033036621,0,0,0,0,0,0,0,0,0,0.0
37,8,1,0,0,0,0.04740406320541761,0,0,0,0,0,0,0,0,0,0.0
62,13,1,0,0,0,0.04740406320541761,0,0,0,0,0,0,0,0,0,0.0
49,10,1,0,0,0,0.04740406320541761,21,7,2,2681,27,26,21979,3159,27,6.0
178,16,0,1,0,0,0.9393046570130593,0,0,0,0,0,3,186,0,0,0.0
74,16,0,1,0,0,0.04740406320541761,8,1,3,1088,14,13,2036,1524,14,6.0
49,13,0,1,0,0,0.31346036063705446,50,0,2,3571,52,55,66449,3723,52,2.0
33,7,1,0,0,0,0.09369611525393239,0,0,0,0,0,0,0,0,0,0.0
52,10,1,0,0,0,0.016914153705329456,0,0,0,0,0,0,0,0,0,0.0
56,11,0,0,1,0,0.0489267334746623,20,2,7,1876,26,17,2205,2354,26,6.0
59,12,1,0,0,0,0.04740406320541761,0,0,0,0,0,0,0,0,0,0.0
51,11,0,1,0,0,0.04740406320541761,2,0,1,132,2,2,124,132,2,0.0
25,6,0,0,1,0,0.04740406320541761,0,0,0,0,0,0,0,0,0,0.0
38,8,0,1,0,0,0.04740406320541761,3,2,2,330,3,5,306,330,3,0.0
42,11,0,1,0,0,0.214876033036621,18,1,5,2185,24,21,2969,2637,24,6.0
22,6,0,1,0,0,0.04740406320541761,6,0,3,650,10,10,1417,950,10,4.0
32,8,1,0,0,0,0.04740406320541761,13,0,2,2065,17,16,7280,2349,17,4.0
70,12,1,0,0,0,0.214876033036621,9,0,4,916,13,15,2074,1216,13,4.0
29,6,1,0,0,0,0.04740406320541761,0,0,0,0,0,0,0,0,0,0.0
40,8,1,0,0,0,0.214876033036621,8,4,1,1325,12,12,2833,1637,12,4.0
47,8,0,1,0,0,0.016914153705329456,7,0,2,729,9,10,2045,871,9,2.0
71,11,0,1,0,0,0.04740406320541761,26,21,4,4488,35,35,14140,5084,35,8.0
50,10,1,0,0,0,0.214876033036621,94,3,8,6904,98,103,197501,7208,98,4.0
26,7,0,1,0,0,0.04740406320541761,21,8,9,2373,25,27,6199,2637,25,4.0
95,15,0,0,1,0,0.214876033036621,8,7,4,636,8,9,630,636,8,0.0
35,11,0,1,0,0,0.214876033036621,15,1,5,1635,21,17,2640,2073,21,6.0
58,11,1,0,0,0,0.04740406320541761,0,0,0,0,0,0,0,0,0,0.0
55,11,0,1,0,0,0.04740406320541761,48,39,11,5137,55,61,67877,5597,55,6.0
50,10,1,0,0,0,0.04740406320541761,13,8,2,2382,17,20,7775,2682,17,4.0
97,15,0,0,1,0,0.04740406320541761,40,32,7,5024,46,37,15154,5500,46,6.0
43,9,1,0,0,0,0.04740406320541761,0,0,0,0,0,0,0,0,0,0.0
65,14,0,1,0,0,0.04740406320541761,326,317,3,26631,330,442,947971,26931,330,4.0
102,17,1,0,0,0,0.04740406320541761,48,11,11,3684,54,53,47558,4164,54,6.0
61,12,1,0,0,0,0.04740406320541761,22,5,10,1673,24,22,2525,1837,24,2.0
54,12,1,0,0,0,0.214876033036621,29,0,2,2903,37,37,30772,3525,37,8.0
40,9,1,0,0,0,0.04740406320541761,19,0,2,2610,25,22,7715,3074,25,6.0
35,11,0,1,0,0,0.214876033036621,21,1,5,2367,29,26,3801,2957,29,8.0
55,10,0,1,0,0,0.04740406320541761,0,0,0,0,0,0,0,0,0,0.0
59,13,1,0,0,0,0.04740406320541761,8,3,8,552,8,5,420,552,8,0.0
37,8,1,0,0,0,0.04740406320541761,16,1,6,1607,22,18,1690,2055,22,6.0
74,15,0,1,0,0,0.214876033036621,8,0,1,432,8,2,124,432,8,0.0
43,10,1,0,0,0,0.04740406320541761,23,0,2,3970,29,27,12548,4434,29,6.0
16,6,0,0,1,0,0.214876033036621,0,0,0,0,0,0,0,0,0,0.0
18,6,1,0,0,0,0.04740406320541761,12,0,3,1189,14,13,8559,1327,14,2.0
129,25,0,1,0,0,0.9393046570130593,0,0,0,0,0,2,124,0,0,0.0
36,11,0,1,0,0,0.214876033036621,19,1,5,2227,27,23,3612,2819,27,8.0
60,11,0,1,0,0,0.04740406320541761,45,0,3,4192,53,54,62498,4834,53,8.0
70,13,0,1,0,0,0.04740406320541761,0,0,0,0,0,0,0,0,0,0.0
44,9,1,0,0,0,0.04740406320541761,6,4,3,640,6,8,606,640,6,0.0
37,9,1,0,0,0,0.04740406320541761,21,0,4,1643,23,31,21144,1797,23,2.0
143,27,0,1,0,0,0.9393046570130593,0,0,0,0,0,2,124,0,0,0.0
33,9,0,1,0,0,0.214876033036621,18,1,5,2147,24,20,2848,2577,24,6.0
68,12,0,1,0,0,0.04740406320541761,11,3,7,858,11,11,678,858,11,0.0
22,6,0,1,0,0,0.016914153705329456,0,0,0,0,0,0,0,0,0,0.0
64,10,0,1,0,0,0.04740406320541761,0,0,0,0,0,0,0,0,0,0.0
40,6,0,1,0,0,0.214876033036621,12,4,8,924,12,10,642,924,12,0.0
100,20,0,1,0,0,0.9393046570130593,0,0,0,0,0,2,124,0,0,0.0
51,9,0,1,0,0,0.214876033036621,7,3,2,582,7,5,306,582,7,0.0
43,8,0,1,0,0,0.214876033036621,4,3,2,408,4,7,448,408,4,0.0
35,8,0,1,0,0,0.04740406320541761,27,1,5,2771,31,33,36261,3051,31,4.0
45,9,0,1,0,0,0.04740406320541761,19,0,2,1801,23,25,26643,2097,23,4.0
45,10,1,0,0,0,0.214876033036621,4,0,2,531,6,6,494,681,6,2.0
71,14,0,1,0,0,0.214876033036621,19,14,4,2877,25,23,6649,3317,25,6.0
60,13,0,1,0,0,0.04740406320541761,0,0,0,0,0,0,0,0,0,0.0
43,10,1,0,0,0,0.04740406320541761,8,0,1,1045,10,9,2806,1209,10,2.0
19,6,0,0,1,0,0.04740406320541761,0,0,0,0,0,0,0,0,0,0.0
34,9,1,0,0,0,0.1293369061013827,5,3,2,498,5,5,306,498,5,0.0
47,11,0,1,0,0,0.214876033036621,4,2,4,296,6,9,778,442,6,2.0
22,6,1,0,0,0,0.04740406320541761,0,0,0,0,0,0,0,0,0,0.0
36,8,0,1,0,0,0.08411951038412753,0,0,0,0,0,0,0,0,0,0.0
41,10,0,1,0,0,0.04740406320541761,10,1,4,1198,16,16,2763,1616,16,6.0
24,6,0,1,0,0,0.214876033036621,7,7,3,618,7,9,562,618,7,0.0
67,12,0,1,0,0,0.214876033036621,0,0,0,0,0,0,0,0,0,0.0
28,7,0,0,1,0,0.04740406320541761,6,4,3,552,6,8,612,552,6,0.0
37,8,0,0,1,0,0.04740406320541761,0,0,0,0,0,0,0,0,0,0.0
24,6,0,1,0,0,0.11705246978538265,23,3,15,2485,27,28,9332,2799,27,4.0
33,7,0,1,0,0,0.04740406320541761,105,98,7,8692,111,130,179133,9172,111,6.0
33,11,0,1,0,0,0.214876033036621,13,1,5,1497,17,14,2116,1787,17,4.0
29,7,1,0,0,0,0.04740406320541761,34,0,2,2934,40,40,34995,3416,40,6.0
69,13,0,1,0,0,0.04740406320541761,14,8,3,2186,18,20,6913,2486,18,4.0
54,8,1,0,0,0,0.04740406320541761,0,0,0,0,0,0,0,0,0,0.0
47,9,0,1,0,0,0.04740406320541761,13,7,2,2133,13,11,17914,2133,13,0.0
26,7,1,0,0,0,0.1293369061013827,7,0,2,722,11,10,2000,1016,11,4.0
51,14,1,0,0,0,0.04740406320541761,14,4,6,888,14,6,376,888,14,0.0
47,9,1,0,0,0,0.04740406320541761,33,2,8,3759,39,27,11243,4193,39,6.0
98,18,0,1,0,0,0.10605442842508905,6,3,2,564,6,5,306,564,6,0.0
26,6,1,0,0,0,0.11705246978538265,0,0,0,0,0,0,0,0,0,0.0
53,12,0,1,0,0,0.04740406320541761,0,0,0,0,0,0,0,0,0,0.0
24,6,1,0,0,0,0.04740406320541761,65,3,5,6286,69,75,90508,6596,69,4.0
100,20,0,1,0,0,0.9393046570130593,0,0,0,0,0,3,186,0,0,0.0
40,8,0,1,0,0,0.04740406320541761,156,17,12,23383,162,206,295213,23877,162,6.0
33,7,0,1,0,0,0.04740406320541761,4,2,3,408,4,6,382,408,4,0.0
43,9,1,0,0,0,0.214876033036621,22,3,8,2267,28,31,9811,2701,28,6.0
66,12,0,1,0,0,0.04740406320541761,0,0,0,0,0,0,0,0,0,0.0
69,13,0,1,0,0,0.04740406320541761,10,0,4,903,14,12,1489,1205,14,4.0
56,12,1,0,0,0,0.04740406320541761,0,0,0,0,0,0,0,0,0,0.0
40,6,1,0,0,0,0.214876033036621,15,10,4,1166,19,19,1626,1538,19,4.0
78,16,0,1,0,0,0.04740406320541761,11,1,3,1335,17,17,2109,1835,17,6.0
69,14,0,1,0,0,0.04740406320541761,0,0,0,0,0,0,0,0,0,0.0
42,9,0,0,1,0,0.214876033036621,8,8,3,636,8,6,364,636,8,0.0
39,8,1,0,0,0,0.10308492539855425,10,2,7,927,14,20,2926,1241,14,4.0
68,12,0,1,0,0,0.04740406320541761,5,4,2,474,5,7,442,474,5,0.0
47,10,0,1,0,0,0.04740406320541761,32,28,3,4948,40,35,19634,5516,40,8.0
82,17,0,1,0,0,0.04740406320541761,0,0,0,0,0,3,186,0,0,0.0
55,10,0,1,0,0,0.04740406320541761,27,18,4,3101,31,30,13795,3405,31,4.0
78,17,1,0,0,0,0.04740406320541761,0,0,0,0,0,0,0,0,0,0.0
25,6,0,1,0,0,0.214876033036621,6,5,2,564,6,7,442,564,6,0.0
59,13,0,0,1,0,0.04740406320541761,10,0,3,1170,16,14,1324,1584,16,6.0
60,11,1,0,0,0,0.04740406320541761,0,0,0,0,0,0,0,0,0,0.0
27,7,0,1,0,0,0.1293369061013827,38,0,3,4207,44,45,39662,4679,44,6.0
44,11,1,0,0,0,0.04740406320541761,5,3,2,498,5,7,438,498,5,0.0
100,20,0,1,0,0,0.9393046570130593,0,0,0,0,0,3,186,0,0,0.0
81,16,0,1,0,0,0.04740406320541761,15,0,3,1894,19,20,7062,2198,19,4.0
32,6,0,1,0,0,0.016914153705329456,0,0,0,0,0,0,0,0,0,0.0
35,9,1,0,0,0,0.10308492539855425,0,0,0,0,0,0,0,0,0,0.0
45,9,1,0,0,0,0.04740406320541761,0,0,0,0,0,0,0,0,0,0.0
52,11,0,1,0,0,0.214876033036621,3,3,1,366,3,4,244,366,3,0.0
37,9,1,0,0,0,0.214876033036621,31,7,12,2531,37,35,14050,3005,37,6.0
106,22,0,1,0,0,0.04740406320541761,0,0,0,0,0,0,0,0,0,0.0
40,10,0,1,0,0,0.04740406320541761,7,4,3,630,7,5,310,630,7,0.0
64,11,0,1,0,0,0.04740406320541761,2,2,1,276,2,4,246,276,2,0.0
56,11,1,0,0,0,0.214876033036621,25,13,7,2910,31,30,7648,3402,31,6.0
55,9,0,1,0,0,0.04740406320541761,8,3,3,696,8,5,306,696,8,0.0
48,9,0,1,0,0,0.016914153705329456,113,0,3,7746,117,134,229040,8062,117,4.0
31,6,0,1,0,0,0.04740406320541761,13,8,8,1355,16,16,1145,1519,16,2.0
61,12,0,1,0,0,0.214876033036621,0,0,0,0,0,0,0,0,0,0.0
61,11,0,0,1,0,0.04740406320541761,4,3,2,432,4,4,244,432,4,0.0
28,6,0,1,0,0,0.12263051731655518,14,9,2,2094,14,12,8019,2094,14,0.0
56,11,1,0,0,0,0.1545733470930658,0,0,0,0,0,0,0,0,0,0.0
57,10,1,0,0,0,0.04740406320541761,107,4,4,8986,111,148,234205,9294,111,4.0
56,11,1,0,0,0,0.04740406320541761,0,0,0,0,0,0,0,0,0,0.0
24,8,1,0,0,0,0.214876033036621,2,0,1,132,2,5,318,132,2,0.0
46,10,1,0,0,0,0.09369611525393239,5,3,3,498,5,8,504,498,5,0.0
29,7,0,1,0,0,0.04740406320541761,0,0,0,0,0,0,0,0,0,0.0
32,8,1,0,0,0,0.10462280885991233,8,1,4,816,10,13,1541,958,10,2.0
134,24,0,1,0,0,0.9393046570130593,0,0,0,0,0,2,124,0,0,0.0
24,7,1,0,0,0,0.214876033036621,21,1,8,1606,25,13,1276,1914,25,4.0
68,12,1,0,0,0,0.214876033036621,0,0,0,0,0,0,0,0,0,0.0
40,7,0,1,0,0,0.04740406320541761,0,0,0,0,0,0,0,0,0,0.0
26,8,0,1,0,0,0.214876033036621,12,0,2,1052,14,14,11935,1204,14,2.0
54,12,1,0,0,0,0.214876033036621,0,0,0,0,0,0,0,0,0,0.0
63,12,0,1,0,0,0.04740406320541761,0,0,0,0,0,0,0,0,0,0.0
40,9,0,1,0,0,0.04740406320541761,0,0,0,0,0,0,0,0,0,0.0
82,17,0,1,0,0,0.04740406320541761,0,0,0,0,0,2,124,0,0,0.0
36,8,0,1,0,0,0.214876033036621,22,8,4,2680,28,19,7746,3172,28,6.0
57,10,1,0,0,0,0.04740406320541761,37,9,11,5965,43,47,20145,6439,43,6.0
31,7,1,0,0,0,0.04740406320541761,57,45,12,8136,69,64,25686,9020,69,12.0
29,6,0,0,1,0,0.214876033036621,34,9,6,2861,38,26,15260,3229,38,4.0
50,9,1,0,0,0,0.04740406320541761,8,6,4,696,8,10,636,696,8,0.0
47,9,0,1,0,0,0.04740406320541761,17,7,10,1182,17,11,670,1182,17,0.0
29,6,0,1,0,0,0.04740406320541761,5,4,2,486,5,7,542,486,5,0.0
26,6,1,0,0,0,0.04740406320541761,9,7,4,702,9,10,696,702,9,0.0
73,12,0,1,0,0,0.04740406320541761,49,43,4,5365,55,60,78671,5793,55,6.0
28,7,1,0,0,0,0.09779972707585245,0,0,0,0,0,0,0,0,0,0.0
70,13,1,0,0,0,0.016914153705329456,10,6,7,792,10,10,636,792,10,0.0
40,6,1,0,0,0,0.04740406320541761,14,1,3,1981,20,19,6759,2497,20,6.0
54,12,1,0,0,0,0.214876033036621,12,9,6,900,12,10,696,900,12,0.0
53,8,0,1,0,0,0.04740406320541761,0,0,0,0,0,0,0,0,0,0.0
39,9,0,1,0,0,0.04740406320541761,62,50,5,6269,70,65,54988,6861,70,8.0
30,6,0,1,0,0,0.04740406320541761,0,0,0,0,0,0,0,0,0,0.0
34,8,0,1,0,0,0.04740406320541761,0,0,0,0,0,0,0,0,0,0.0
36,11,0,1,0,0,0.214876033036621,7,1,5,466,11,10,822,760,11,4.0
53,12,1,0,0,0,0.016914153705329456,15,4,3,2232,19,22,3283,2532,19,4.0
39,8,0,1,0,0,0.04740406320541761,64,48,8,6413,72,68,58285,7005,72,8.0
58,12,0,0,1,0,0.04740406320541761,50,42,4,6256,58,63,63202,6896,58,8.0
49,9,0,0,1,0,0.04740406320541761,0,0,0,0,0,0,0,0,0,0.0
36,7,0,1,0,0,0.04740406320541761,17,0,4,2319,21,21,14373,2615,21,4.0
56,13,0,1,0,0,0.04740406320541761,37,3,5,3050,43,44,65986,3492,43,6.0
48,8,0,0,1,0,0.12263051731655518,0,0,0,0,0,0,0,0,0,0.0
27,6,0,1,0,0,0.0489267334746623,40,13,14,3781,46,44,34101,4253,46,6.0
35,8,1,0,0,0,0.10308492539855425,0,0,0,0,0,0,0,0,0,0.0
143,22,1,0,0,0,0.04740406320541761,6,5,2,564,6,7,442,564,6,0.0
46,9,0,1,0,0,0.214876033036621,0,0,0,0,0,0,0,0,0,0.0
57,11,1,0,0,0,0.04740406320541761,0,0,0,0,0,0,0,0,0,0.0
65,11,1,0,0,0,0.214876033036621,18,8,7,1634,22,23,14294,1922,22,4.0
39,8,0,1,0,0,0.04740406320541761,0,0,0,0,0,0,0,0,0,0.0
28,8,0,1,0,0,0.08411951038412753,0,0,0,0,0,0,0,0,0,0.0
39,6,0,1,0,0,0.04740406320541761,30,26,1,3521,36,37,33021,3947,36,6.0
26,6,0,1,0,0,0.04740406320541761,0,0,0,0,0,0,0,0,0,0.0
94,20,0,1,0,0,0.04740406320541761,11,0,3,1260,19,17,2399,1850,19,8.0
100,20,0,1,0,0,0.9393046570130593,0,0,0,0,0,3,186,0,0,0.0
50,10,0,1,0,0,0.04740406320541761,0,0,0,0,0,0,0,0,0,0.0
88,15,1,0,0,0,0.04740406320541761,12,4,9,936,12,14,904,936,12,0.0
98,19,0,0,1,0,0.04740406320541761,0,0,0,0,0,0,0,0,0,0.0
80,12,1,0,0,0,0.04740406320541761,0,0,0,0,0,0,0,0,0,0.0
46,10,1,0,0,0,0.04740406320541761,21,0,3,4103,25,30,16662,4405,25,4.0
53,10,0,1,0,0,0.016914153705329456,7,6,2,798,7,8,492,798,7,0.0
38,8,1,0,0,0,0.04740406320541761,39,25,11,5509,47,45,25776,6115,47,8.0
33,8,0,1,0,0,0.04740406320541761,10,4,4,816,10,6,476,816,10,0.0
34,7,1,0,0,0,0.04740406320541761,0,0,0,0,0,0,0,0,0,0.0
55,11,0,0,1,0,0.0489267334746623,0,0,0,0,0,0,0,0,0,0.0
28,6,0,1,0,0,0.04740406320541761,0,0,0,0,0,0,0,0,0,0.0
73,13,1,0,0,0,0.04740406320541761,51,6,5,3932,55,48,87340,4252,55,4.0
44,9,0,1,0,0,0.04740406320541761,37,32,2,5805,45,41,40585,6413,45,8.0
34,6,0,1,0,0,0.04740406320541761,0,0,0,0,0,0,0,0,0,0.0
65,11,1,0,0,0,0.04740406320541761,0,0,0,0,0,0,0,0,0,0.0
27,8,0,1,0,0,0.04740406320541761,0,0,0,0,0,0,0,0,0,0.0
23,6,1,0,0,0,0.04740406320541761,7,4,5,630,7,4,244,630,7,0.0
65,11,1,0,0,0,0.04740406320541761,0,0,0,0,0,0,0,0,0,0.0
156,31,0,1,0,0,0.9393046570130593,1,1,1,90,1,5,416,90,1,0.0
39,8,0,1,0,0,0.04740406320541761,16,6,4,1224,16,4,244,1224,16,0.0
45,10,0,1,0,0,0.04740406320541761,46,22,8,5308,54,51,40052,5902,54,8.0
63,14,1,0,0,0,0.214876033036621,188,25,9,14064,194,217,298694,14522,194,6.0
69,12,1,0,0,0,0.04740406320541761,4,3,2,432,4,4,244,432,4,0.0
16,7,1,0,0,0,0.214876033036621,7,0,2,700,9,10,1153,832,9,2.0
61,9,1,0,0,0,0.214876033036621,12,7,5,960,12,10,640,960,12,0.0
26,6,0,1,0,0,0.016914153705329456,4,3,2,396,4,6,482,396,4,0.0
78,10,0,1,0,0,0.04740406320541761,36,3,10,2981,42,41,31493,3449,42,6.0
44,8,1,0,0,0,0.04740406320541761,12,4,3,972,14,16,15901,1118,14,2.0
89,17,0,1,0,0,0.04740406320541761,55,6,14,4155,59,53,45079,4533,59,4.0
55,12,0,1,0,0,0.04740406320541761,13,4,7,1074,13,5,306,1074,13,0.0
46,7,0,1,0,0,0.04740406320541761,33,1,5,3244,43,41,24696,4114,43,10.0
56,9,1,0,0,0,0.10605442842508905,0,0,0,0,0,0,0,0,0,0.0
58,10,0,1,0,0,0.04740406320541761,17,15,4,1146,17,5,416,1146,17,0.0
72,12,0,1,0,0,0.04740406320541761,27,21,8,3862,33,33,11108,4290,33,6.0
67,14,0,1,0,0,0.04740406320541761,59,43,15,7723,67,60,37516,8331,67,8.0
38,9,0,1,0,0,0.04740406320541761,35,30,2,4047,41,53,54041,4497,41,6.0
87,14,0,0,1,0,0.04740406320541761,17,6,10,1457,21,20,2112,1781,21,4.0
66,15,0,1,0,0,0.016914153705329456,0,0,0,0,0,0,0,0,0,0.0
28,7,1,0,0,0,0.09580652013133378,0,0,0,0,0,0,0,0,0,0.0
44,9,0,1,0,0,0.04740406320541761,0,0,0,0,0,0,0,0,0,0.0
59,11,0,1,0,0,0.214876033036621,0,0,0,0,0,0,0,0,0,0.0
48,11,0,1,0,0,0.04740406320541761,0,0,0,0,0,0,0,0,0,0.0
25,6,0,1,0,0,0.214876033036621,11,3,4,1232,15,16,9806,1530,15,4.0
49,12,1,0,0,0,0.2464738737604001,12,8,1,2037,16,16,6187,2355,16,4.0
95,19,0,1,0,0,0.04740406320541761,0,0,0,0,0,0,0,0,0,0.0
33,6,1,0,0,0,0.09369611525393239,0,0,0,0,0,0,0,0,0,0.0
29,6,1,0,0,0,0.214876033036621,0,0,0,0,0,0,0,0,0,0.0
38,9,1,0,0,0,0.04740406320541761,19,1,3,2594,25,25,7997,3058,25,6.0
90,16,0,1,0,0,0.04740406320541761,0,0,0,0,0,0,0,0,0,0.0
100,20,0,1,0,0,0.9393046570130593,2,1,2,132,2,4,256,132,2,0.0
80,13,0,1,0,0,0.04740406320541761,0,0,0,0,0,0,0,0,0,0.0
73,11,0,1,0,0,0.04740406320541761,22,11,12,1524,22,19,1268,1524,22,0.0
58,11,0,1,0,0,0.04740406320541761,4,4,1,420,4,5,414,420,4,0.0
20,5,0,1,0,0,0.214876033036621,0,0,0,0,2,1,62,146,2,2.0
39,8,0,1,0,0,0.04740406320541761,34,24,7,5528,34,22,7472,5528,34,0.0
45,9,0,1,0,0,0.09779972707585245,4,0,2,541,6,7,579,689,6,2.0
34,7,0,1,0,0,0.12263051731655518,3,3,1,366,3,5,306,366,3,0.0
49,10,0,1,0,0,0.04740406320541761,51,46,3,5413,57,61,64860,5841,57,6.0
38,7,1,0,0,0,0.214876033036621,7,7,3,618,7,9,562,618,7,0.0
50,9,1,0,0,0,0.214876033036621,22,4,12,1960,28,23,2807,2420,28,6.0
51,10,0,0,1,0,0.214876033036621,0,0,0,0,0,0,0,0,0,0.0
83,17,0,1,0,0,0.04740406320541761,1,1,1,90,1,5,416,90,1,0.0
61,11,0,1,0,0,0.214876033036621,26,18,4,3798,34,36,18719,4444,34,8.0
39,10,0,1,0,0,0.214876033036621,3,3,1,366,3,4,244,366,3,0.0
70,13,1,0,0,0,0.214876033036621,33,11,8,3523,39,33,30933,4041,39,6.0
52,11,0,1,0,0,0.09967609892988044,13,0,3,1428,17,11,1504,1712,17,4.0
40,13,0,1,0,0,0.214876033036621,11,1,4,1266,15,12,960,1548,15,4.0
46,11,0,1,0,0,0.04740406320541761,46,42,2,6883,54,54,38056,7491,54,8.0
173,34,0,1,0,0,0.9393046570130593,1,1,1,90,1,5,416,90,1,0.0
49,9,0,1,0,0,0.04740406320541761,18,15,2,2736,18,13,4846,2736,18,0.0
45,8,0,1,0,0,0.214876033036621,0,0,0,0,0,0,0,0,0,0.0
40,8,1,0,0,0,0.04740406320541761,16,5,5,1615,20,23,25358,1931,20,4.0
45,10,1,0,0,0,0.214876033036621,0,0,0,0,0,0,0,0,0,0.0
62,12,1,0,0,0,0.04740406320541761,0,0,0,0,0,0,0,0,0,0.0
87,18,0,1,0,0,0.04740406320541761,8,5,5,660,8,10,661,660,8,0.0
55,9,0,1,0,0,0.04740406320541761,0,0,0,0,0,0,0,0,0,0.0
38,9,1,0,0,0,0.04740406320541761,15,0,2,2342,21,15,7249,2806,21,6.0
44,10,0,1,0,0,0.016914153705329456,6,6,3,540,6,8,539,540,6,0.0
69,11,0,1,0,0,0.214876033036621,23,15,10,2708,27,30,6195,3036,27,4.0
37,8,1,0,0,0,0.214876033036621,6,4,3,540,6,6,474,540,6,0.0
52,9,0,1,0,0,0.016914153705329456,10,2,6,1197,14,17,1374,1503,14,4.0
47,9,0,1,0,0,0.04740406320541761,0,0,0,0,0,0,0,0,0,0.0
46,11,0,1,0,0,0.04740406320541761,0,0,0,0,0,0,0,0,0,0.0
55,10,0,1,0,0,0.04740406320541761,0,0,0,0,0,0,0,0,0,0.0
52,8,0,1,0,0,0.214876033036621,25,4,7,1682,29,30,25579,1986,29,4.0
124,23,0,1,0,0,0.9393046570130593,0,0,0,0,0,3,186,0,0,0.0
67,12,1,0,0,0,0.04740406320541761,9,1,3,1283,13,14,1697,1631,13,4.0
67,13,0,1,0,0,0.04740406320541761,26,9,6,2154,28,34,29677,2310,28,2.0
82,17,0,1,0,0,0.04740406320541761,0,0,0,0,0,2,124,0,0,0.0
84,15,0,1,0,0,0.04740406320541761,25,0,5,2262,29,27,33205,2588,29,4.0
49,10,1,0,0,0,0.0489267334746623,0,0,0,0,0,0,0,0,0,0.0
26,7,0,1,0,0,0.04740406320541761,26,19,5,2727,30,19,5765,2991,30,4.0
47,9,1,0,0,0,0.04740406320541761,0,0,0,0,0,0,0,0,0,0.0
66,14,0,1,0,0,0.04740406320541761,15,1,7,1863,19,18,7303,2175,19,4.0
44,9,0,0,1,0,0.04740406320541761,26,10,6,2512,32,33,7155,2982,32,6.0
70,15,0,0,1,0,0.214876033036621,0,0,0,0,0,0,0,0,0,0.0
25,7,0,1,0,0,0.04740406320541761,0,0,0,0,0,0,0,0,0,0.0
29,6,1,0,0,0,0.04740406320541761,15,8,7,1134,15,9,605,1134,15,0.0
51,12,1,0,0,0,0.04740406320541761,28,13,12,1872,28,19,1323,1872,28,0.0
91,17,0,1,0,0,0.04740406320541761,39,0,2,3223,43,41,42120,3597,43,4.0
48,10,0,1,0,0,0.04740406320541761,0,0,0,0,0,0,0,0,0,0.0
40,10,0,1,0,0,0.214876033036621,11,0,2,1285,17,18,2462,1741,17,6.0
90,17,0,1,0,0,0.04740406320541761,7,0,5,804,8,2,124,804,8,0.0
37,9,1,0,0,0,0.10308492539855425,0,0,0,0,0,0,0,0,0,0.0
38,7,0,0,1,0,0.04740406320541761,0,0,0,0,0,0,0,0,0,0.0
54,12,0,1,0,0,0.04740406320541761,12,1,5,1404,16,17,1587,1700,16,4.0
50,9,0,1,0,0,0.016914153705329456,0,0,0,0,0,0,0,0,0,0.0
48,8,0,0,1,0,0.04740406320541761,0,0,0,0,0,0,0,0,0,0.0
106,18,0,1,0,0,0.04740406320541761,0,0,0,0,0,0,0,0,0,0.0
39,8,1,0,0,0,0.04740406320541761,24,13,8,2750,30,32,9290,3190,30,6.0
73,11,0,1,0,0,0.04740406320541761,3,3,1,366,3,5,306,366,3,0.0
62,9,0,0,1,0,0.04740406320541761,0,0,0,0,0,0,0,0,0,0.0
43,10,0,1,0,0,0.04740406320541761,0,0,0,0,0,0,0,0,0,0.0
31,6,1,0,0,0,0.04740406320541761,65,53,14,8568,77,70,26049,9452,77,12.0
23,6,1,0,0,0,0.12263051731655518,43,4,4,5738,47,50,56926,6046,47,4.0
45,10,1,0,0,0,0.04740406320541761,32,5,9,2595,36,34,15941,2881,36,4.0
26,6,0,1,0,0,0.04740406320541761,0,0,0,0,0,0,0,0,0,0.0
123,18,0,1,0,0,0.04740406320541761,0,0,0,0,0,0,0,0,0,0.0
49,9,1,0,0,0,0.04740406320541761,5,4,3,474,5,8,490,474,5,0.0
60,9,0,0,1,0,0.04740406320541761,5,0,1,622,7,7,9159,812,7,2.0
57,11,0,1,0,0,0.04740406320541761,0,0,0,0,0,0,0,0,0,0.0
63,10,0,0,1,0,0.04740406320541761,35,19,11,3472,41,33,24847,3944,41,6.0
132,27,0,1,0,0,0.9393046570130593,1,1,1,90,1,4,354,90,1,0.0
40,13,0,1,0,0,0.214876033036621,12,1,5,1340,16,12,964,1622,16,4.0
37,10,0,1,0,0,0.31346036063705446,49,0,1,3505,51,53,66214,3657,51,2.0
23,6,0,1,0,0,0.04740406320541761,16,3,11,1696,18,20,13422,1844,18,2.0
59,11,1,0,0,0,0.09779972707585245,9,0,2,1589,13,13,2404,1909,13,4.0
99,20,0,1,0,0,0.9393046570130593,0,0,0,0,0,2,124,0,0,0.0
51,11,1,0,0,0,0.04740406320541761,0,0,0,0,0,0,0,0,0,0.0
31,7,1,0,0,0,0.214876033036621,0,0,0,0,0,0,0,0,0,0.0
50,11,0,1,0,0,0.214876033036621,226,6,6,15162,228,284,383760,15314,228,2.0
39,9,0,1,0,0,0.11705246978538265,0,0,0,0,0,0,0,0,0,0.0
52,11,0,1,0,0,0.04740406320541761,0,0,0,0,0,0,0,0,0,0.0
57,11,0,1,0,0,0.214876033036621,15,13,7,1062,15,19,1354,1062,15,0.0
55,12,0,1,0,0,0.04740406320541761,0,0,0,0,0,0,0,0,0,0.0
42,8,0,1,0,0,0.12263051731655518,0,0,0,0,0,0,0,0,0,0.0
46,9,0,1,0,0,0.04740406320541761,50,40,5,5894,58,73,69918,6478,58,8.0
44,8,1,0,0,0,0.04740406320541761,0,0,0,0,0,0,0,0,0,0.0
33,6,1,0,0,0,0.04740406320541761,5,4,2,486,5,7,542,486,5,0.0
46,11,0,1,0,0,0.214876033036621,11,0,3,1274,15,14,3132,1562,15,4.0
59,10,0,0,1,0,0.04740406320541761,6,5,3,528,6,6,407,528,6,0.0
66,11,0,1,0,0,0.04740406320541761,15,2,4,1026,15,4,246,1026,15,0.0
76,12,0,0,1,0,0.214876033036621,26,19,4,3635,32,30,23404,4125,32,6.0
51,8,1,0,0,0,0.04740406320541761,4,2,3,396,4,3,184,396,4,0.0
56,10,1,0,0,0,0.04740406320541761,0,0,0,0,0,0,0,0,0,0.0
28,6,0,0,1,0,0.04740406320541761,5,3,3,474,5,6,364,474,5,0.0
70,13,1,0,0,0,0.09967609892988044,5,5,3,498,5,8,504,498,5,0.0
41,8,0,1,0,0,0.04740406320541761,26,0,8,2657,30,35,34427,2991,30,4.0
59,11,0,1,0,0,0.04740406320541761,48,9,12,3796,52,51,37621,4118,52,4.0
59,11,1,0,0,0,0.04740406320541761,0,0,0,0,0,0,0,0,0,0.0
50,13,0,1,0,0,0.31346036063705446,47,0,1,3386,51,53,66317,3696,51,4.0
52,12,0,1,0,0,0.2464738737604001,16,1,5,1609,22,20,2655,2119,22,6.0
55,12,0,1,0,0,0.04740406320541761,36,27,7,4405,42,47,46271,4833,42,6.0
60,11,1,0,0,0,0.016914153705329456,29,1,4,2630,35,35,35655,3102,35,6.0
61,11,1,0,0,0,0.04740406320541761,20,1,5,1930,28,24,8029,2610,28,8.0
64,13,0,1,0,0,0.04740406320541761,0,0,0,0,0,0,0,0,0,0.0
49,11,1,0,0,0,0.214876033036621,0,0,0,0,0,2,124,0,0,0.0
80,11,0,0,1,0,0.04740406320541761,33,10,8,3764,41,23,7356,4412,41,8.0
48,11,1,0,0,0,0.04740406320541761,0,0,0,0,0,0,0,0,0,0.0
46,9,1,0,0,0,0.04740406320541761,63,59,2,8062,75,76,82775,8950,75,12.0
45,8,1,0,0,0,0.0489267334746623,3,0,1,198,3,3,186,198,3,0.0
39,8,0,1,0,0,0.04740406320541761,2,2,1,276,2,4,246,276,2,0.0
34,8,1,0,0,0,0.04740406320541761,7,0,2,716,11,10,1979,1030,11,4.0
26,7,0,1,0,0,0.04740406320541761,0,0,0,0,0,0,0,0,0,0.0
39,8,0,1,0,0,0.09580652013133378,8,0,2,1059,12,11,1506,1361,12,4.0
38,9,0,1,0,0,0.04740406320541761,46,17,7,5306,54,42,39325,5906,54,8.0
31,7,0,1,0,0,0.04740406320541761,28,13,13,2773,32,32,6566,3037,32,4.0
55,12,0,1,0,0,0.10308492539855425,21,3,13,1458,21,4,244,1458,21,0.0
86,15,0,1,0,0,0.04740406320541761,10,0,2,2202,14,15,3304,2490,14,4.0
62,11,0,1,0,0,0.12263051731655518,32,8,11,2772,38,37,32655,3258,38,6.0
125,20,0,1,0,0,0.04740406320541761,46,37,6,4871,50,56,81223,5159,50,4.0
42,11,0,1,0,0,0.04740406320541761,0,0,0,0,0,0,0,0,0,0.0
25,6,0,1,0,0,0.04740406320541761,12,0,5,1327,16,17,14050,1615,16,4.0
49,9,0,1,0,0,0.04740406320541761,5,4,2,486,5,6,480,486,5,0.0
67,11,0,1,0,0,0.04740406320541761,16,9,5,2381,20,24,5596,2675,20,4.0
104,17,1,0,0,0,0.04740406320541761,0,0,0,0,0,0,0,0,0,0.0
35,11,0,1,0,0,0.214876033036621,23,1,5,2864,31,25,3773,3454,31,8.0
23,6,0,1,0,0,0.04740406320541761,4,0,1,519,8,8,1138,823,8,4.0
44,7,0,0,1,0,0.04740406320541761,0,0,0,0,0,0,0,0,0,0.0
96,15,1,0,0,0,0.04740406320541761,0,0,0,0,0,0,0,0,0,0.0
64,10,0,0,1,0,0.04740406320541761,26,6,5,3201,30,29,20250,3517,30,4.0
52,10,0,1,0,0,0.016914153705329456,0,0,0,0,0,0,0,0,0,0.0
72,14,0,0,1,0,0.016914153705329456,0,0,0,0,0,0,0,0,0,0.0
46,9,1,0,0,0,0.04740406320541761,0,0,0,0,0,0,0,0,0,0.0
32,8,0,1,0,0,0.04740406320541761,0,0,0,0,0,0,0,0,0,0.0
50,10,0,0,1,0,0.04740406320541761,0,0,0,0,0,0,0,0,0,0.0
39,8,0,1,0,0,0.04740406320541761,18,7,11,1308,18,16,1030,1308,18,0.0
44,9,1,0,0,0,0.214876033036621,9,0,2,870,11,12,5876,1020,11,2.0
46,11,1,0,0,0,0.04740406320541761,44,11,7,6306,50,38,22528,6780,50,6.0
96,19,0,1,0,0,0.04740406320541761,0,0,0,0,0,0,0,0,0,0.0
45,10,1,0,0,0,0.09779972707585245,0,0,0,0,0,0,0,0,0,0.0
38,9,0,0,1,0,0.04740406320541761,0,0,0,0,0,0,0,0,0,0.0
57,11,0,0,1,0,0.214876033036621,8,5,5,696,8,10,636,696,8,0.0
48,9,1,0,0,0,0.04740406320541761,0,0,0,0,0,0,0,0,0,0.0
68,11,0,1,0,0,0.10308492539855425,20,7,9,1620,22,23,9227,1804,22,2.0
42,8,0,1,0,0,0.04740406320541761,22,15,2,2432,26,32,27169,2716,26,4.0
28,6,1,0,0,0,0.04740406320541761,28,5,8,2324,30,33,24662,2482,30,2.0
39,9,1,0,0,0,0.04740406320541761,20,0,2,2976,26,23,7783,3440,26,6.0
112,19,1,0,0,0,0.04740406320541761,0,0,0,0,0,0,0,0,0,0.0
52,10,0,1,0,0,0.04740406320541761,51,35,10,5314,57,62,51761,5742,57,6.0
42,8,0,1,0,0,0.08411951038412753,33,0,5,2706,37,35,41737,2982,37,4.0
115,18,0,1,0,0,0.04740406320541761,0,0,0,0,0,0,0,0,0,0.0
26,6,0,1,0,0,0.04740406320541761,0,0,0,0,0,0,0,0,0,0.0
48,10,0,1,0,0,0.10462280885991233,0,0,0,0,0,0,0,0,0,0.0
69,12,1,0,0,0,0.04740406320541761,48,36,10,5347,54,50,43924,5787,54,6.0
114,18,1,0,0,0,0.09779972707585245,59,47,11,6945,71,71,62932,7895,71,12.0
46,10,0,1,0,0,0.04740406320541761,24,2,10,3146,28,30,4258,3442,28,4.0
39,8,0,1,0,0,0.04740406320541761,0,0,0,0,0,0,0,0,0,0.0
20,6,0,0,1,0,0.04740406320541761,0,0,0,0,0,0,0,0,0,0.0
38,8,1,0,0,0,0.214876033036621,35,8,14,3072,41,31,9718,3506,41,6.0
35,8,0,1,0,0,0.04740406320541761,21,1,4,2435,25,25,39924,2715,25,4.0
56,12,0,1,0,0,0.04740406320541761,0,0,0,0,0,0,0,0,0,0.0
60,12,1,0,0,0,0.016914153705329456,6,0,4,664,8,8,609,808,8,2.0
44,8,0,0,1,0,0.04740406320541761,0,0,0,0,0,0,0,0,0,0.0
76,14,0,1,0,0,0.214876033036621,0,0,0,0,0,0,0,0,0,0.0
103,17,0,1,0,0,0.10308492539855425,0,0,0,0,0,0,0,0,0,0.0
44,8,0,0,1,0,0.016914153705329456,0,0,0,0,0,0,0,0,0,0.0
49,12,1,0,0,0,0.18542786213928789,17,1,6,1661,23,19,2944,2123,23,6.0
30,7,1,0,0,0,0.04740406320541761,31,26,2,4412,37,37,27412,4848,37,6.0
50,10,1,0,0,0,0.04740406320541761,0,0,0,0,0,0,0,0,0,0.0
72,9,1,0,0,0,0.10308492539855425,39,2,13,3042,45,26,5914,3520,45,6.0
34,9,0,1,0,0,0.214876033036621,3,3,1,366,3,4,244,366,3,0.0
36,8,1,0,0,0,0.214876033036621,0,0,0,0,0,0,0,0,0,0.0
104,16,0,0,1,0,0.04740406320541761,4,3,2,432,4,5,310,432,4,0.0
55,12,0,1,0,0,0.04740406320541761,0,0,0,0,0,0,0,0,0,0.0
40,8,1,0,0,0,0.9393046570130593,0,0,0,0,0,0,0,0,0,0.0
54,9,1,0,0,0,0.04740406320541761,58,39,7,5998,64,48,43787,6438,64,6.0
46,8,0,0,1,0,0.04740406320541761,22,16,8,3094,26,27,7809,3414,26,4.0
88,14,0,0,1,0,0.04740406320541761,0,0,0,0,0,0,0,0,0,0.0
46,10,0,1,0,0,0.04740406320541761,44,2,7,3516,48,36,33488,3808,48,4.0
63,11,0,0,1,0,0.214876033036621,67,32,17,6011,73,42,28050,6453,73,6.0
61,12,1,0,0,0,0.1545733470930658,0,0,0,0,0,2,124,0,0,0.0
123,25,0,1,0,0,0.9393046570130593,0,0,0,0,0,2,124,0,0,0.0
150,26,0,1,0,0,0.9393046570130593,0,0,0,0,0,3,186,0,0,0.0
40,9,0,1,0,0,0.04740406320541761,14,12,5,1092,14,4,244,1092,14,0.0
22,6,1,0,0,0,0.214876033036621,4,3,2,420,4,6,372,420,4,0.0
37,8,0,1,0,0,0.04740406320541761,8,5,5,648,8,11,739,648,8,0.0
88,16,0,1,0,0,0.214876033036621,30,0,4,3207,34,50,48750,3527,34,4.0
37,9,1,0,0,0,0.12640152255382542,1,0,1,66,3,4,404,206,3,2.0
39,7,0,1,0,0,0.04740406320541761,0,0,0,0,0,0,0,0,0,0.0
39,6,1,0,0,0,0.10605442842508905,71,67,7,7582,79,73,82537,8282,79,8.0
33,9,0,1,0,0,0.214876033036621,14,1,8,1151,18,15,1211,1445,18,4.0
50,9,0,1,0,0,0.04740406320541761,57,4,6,6820,59,61,79053,6966,59,2.0
62,13,0,1,0,0,0.04740406320541761,0,0,0,0,0,0,0,0,0,0.0
75,15,1,0,0,0,0.04740406320541761,0,0,0,0,0,0,0,0,0,0.0
54,12,0,1,0,0,0.04740406320541761,11,7,2,1166,11,7,426,1166,11,0.0
183,29,1,0,0,0,0.04740406320541761,22,2,7,2062,30,26,8161,2742,30,8.0
27,7,0,1,0,0,0.04740406320541761,9,0,1,1838,11,13,4524,1992,11,2.0
54,11,0,1,0,0,0.04740406320541761,0,0,0,0,0,0,0,0,0,0.0
56,10,0,1,0,0,0.11705246978538265,11,3,5,870,11,5,306,870,11,0.0
57,11,0,1,0,0,0.04740406320541761,0,0,0,0,0,0,0,0,0,0.0
72,12,0,0,1,0,0.09967609892988044,80,0,2,6525,84,102,126205,6843,84,4.0
45,8,1,0,0,0,0.04740406320541761,0,0,0,0,0,0,0,0,0,0.0
94,19,0,1,0,0,0.04740406320541761,1,1,1,90,1,4,354,90,1,0.0
53,11,1,0,0,0,0.214876033036621,16,3,8,1277,20,19,2663,1559,20,4.0
30,6,1,0,0,0,0.04740406320541761,62,52,12,8974,76,69,30726,10006,76,14.0
57,10,0,0,1,0,0.04740406320541761,7,3,2,630,7,5,306,630,7,0.0
84,15,0,1,0,0,0.04740406320541761,0,0,0,0,0,0,0,0,0,0.0
201,34,0,1,0,0,0.04740406320541761,83,2,6,6631,87,89,132181,6945,87,4.0
47,10,0,1,0,0,0.214876033036621,31,3,5,3590,35,39,35687,3886,35,4.0
42,10,0,1,0,0,0.214876033036621,15,0,3,2124,17,20,12884,2270,17,2.0
45,8,0,1,0,0,0.04740406320541761,0,0,0,0,0,0,0,0,0,0.0
61,12,1,0,0,0,0.04740406320541761,4,3,2,432,4,6,376,432,4,0.0
80,12,0,1,0,0,0.04740406320541761,41,0,5,3333,45,43,42229,3715,45,4.0
63,10,0,1,0,0,0.04740406320541761,29,10,7,4825,40,36,37575,5567,40,10.0
39,8,1,0,0,0,0.04740406320541761,0,0,0,0,0,0,0,0,0,0.0
41,9,0,1,0,0,0.04740406320541761,3,3,1,366,3,4,244,366,3,0.0
58,11,0,1,0,0,0.04740406320541761,0,0,0,0,0,0,0,0,0,0.0
57,13,0,1,0,0,0.04740406320541761,0,0,0,0,0,0,0,0,0,0.0
47,9,0,1,0,0,0.04740406320541761,31,0,6,3312,35,38,36225,3612,35,4.0
40,9,0,1,0,0,0.04740406320541761,8,0,2,1016,12,14,1612,1324,12,4.0
43,9,1,0,0,0,0.04740406320541761,0,0,0,0,0,0,0,0,0,0.0
73,12,0,1,0,0,0.214876033036621,17,12,3,2396,23,25,26621,2856,23,6.0
135,27,0,1,0,0,0.9393046570130593,0,0,0,0,0,2,124,0,0,0.0
59,10,0,1,0,0,0.04740406320541761,0,0,0,0,0,0,0,0,0,0.0
47,9,0,1,0,0,0.214876033036621,9,7,5,750,9,10,744,750,9,0.0
28,7,0,0,1,0,0.214876033036621,33,26,4,3590,39,48,30057,4064,39,6.0
46,9,1,0,0,0,0.04740406320541761,29,14,4,3416,35,35,17574,3858,35,6.0
56,10,0,0,1,0,0.04740406320541761,18,13,2,3354,24,18,8544,3810,24,6.0
48,9,1,0,0,0,0.04740406320541761,33,27,2,6235,41,40,16697,6835,41,8.0
28,6,0,1,0,0,0.04740406320541761,0,0,0,0,0,0,0,0,0,0.0
44,10,0,1,0,0,0.04740406320541761,0,0,0,0,0,0,0,0,0,0.0
146,27,0,1,0,0,0.9393046570130593,0,0,0,0,0,3,186,0,0,0.0
43,7,0,1,0,0,0.04740406320541761,15,3,4,1110,15,4,244,1110,15,0.0
37,7,0,1,0,0,0.04740406320541761,0,0,0,0,0,0,0,0,0,0.0
34,6,0,0,1,0,0.04740406320541761,0,0,0,0,0,0,0,0,0,0.0
44,10,1,0,0,0,0.04740406320541761,22,0,2,3444,28,24,9819,3908,28,6.0
51,10,0,0,1,0,0.214876033036621,5,3,2,498,5,4,244,498,5,0.0
48,9,0,0,1,0,0.04740406320541761,0,0,0,0,0,0,0,0,0,0.0
49,10,1,0,0,0,0.0489267334746623,15,6,8,1122,15,11,702,1122,15,0.0
24,7,0,1,0,0,0.04740406320541761,14,6,6,1907,18,18,5601,2171,18,4.0
83,16,0,1,0,0,0.04740406320541761,7,3,3,630,7,5,310,630,7,0.0
53,7,1,0,0,0,0.016914153705329456,12,6,7,1017,18,17,1563,1503,18,6.0
49,11,0,1,0,0,0.04740406320541761,31,24,8,4739,37,37,18554,5195,37,6.0
46,10,0,1,0,0,0.11705246978538265,0,0,0,0,0,0,0,0,0,0.0
61,11,1,0,0,0,0.04740406320541761,7,3,3,582,7,5,306,582,7,0.0
249,40,0,1,0,0,0.04740406320541761,19,6,11,2314,25,28,3039,2776,25,6.0
17,6,0,1,0,0,0.04740406320541761,57,2,5,4278,61,62,129889,4586,61,4.0
54,9,1,0,0,0,0.04740406320541761,0,0,0,0,0,0,0,0,0,0.0
85,13,0,1,0,0,0.04740406320541761,37,0,8,3630,43,40,34113,4118,43,6.0
34,6,1,0,0,0,0.04740406320541761,24,20,2,4372,31,33,13095,4808,31,6.0
116,18,0,1,0,0,0.04740406320541761,23,17,8,1970,27,26,2183,2262,27,4.0
100,20,0,1,0,0,0.9393046570130593,0,0,0,0,0,3,186,0,0,0.0
39,10,0,1,0,0,0.04740406320541761,0,0,0,0,0,0,0,0,0,0.0
54,12,0,1,0,0,0.214876033036621,0,0,0,0,0,0,0,0,0,0.0
56,9,1,0,0,0,0.016914153705329456,15,2,5,1944,21,21,2698,2416,21,6.0
48,9,0,1,0,0,0.04740406320541761,5,3,2,498,5,8,508,498,5,0.0
93,19,1,0,0,0,0.04740406320541761,41,28,6,5321,49,45,24126,5935,49,8.0
35,6,0,1,0,0,0.04740406320541761,0,0,0,0,0,0,0,0,0,0.0
71,14,0,1,0,0,0.016914153705329456,0,0,0,0,0,0,0,0,0,0.0
36,8,1,0,0,0,0.04740406320541761,0,0,0,0,0,0,0,0,0,0.0
30,8,1,0,0,0,0.214876033036621,7,0,2,666,9,9,1094,826,9,2.0
59,10,0,1,0,0,0.214876033036621,15,10,1,2421,21,17,7924,2861,21,6.0
61,12,1,0,0,0,0.214876033036621,5,3,3,498,5,7,438,498,5,0.0
41,10,0,1,0,0,0.1293369061013827,0,0,0,0,0,0,0,0,0,0.0
24,8,1,0,0,0,0.04740406320541761,19,2,4,2131,23,23,9471,2441,23,4.0
70,14,0,1,0,0,0.04740406320541761,0,0,0,0,0,0,0,0,0,0.0
45,7,0,1,0,0,0.04740406320541761,9,0,5,1197,14,11,1532,1537,14,4.0
48,8,0,0,1,0,0.04740406320541761,0,0,0,0,0,0,0,0,0,0.0
57,11,0,1,0,0,0.04740406320541761,9,0,3,871,11,12,4257,1021,11,2.0
59,11,1,0,0,0,0.04740406320541761,17,2,2,1684,21,22,14589,2012,21,4.0
39,9,1,0,0,0,0.04740406320541761,40,11,12,6028,46,46,20061,6502,46,6.0
52,11,0,1,0,0,0.214876033036621,21,0,8,2221,25,26,3809,2513,25,4.0
43,9,0,1,0,0,0.04740406320541761,0,0,0,0,0,0,0,0,0,0.0
38,6,0,1,0,0,0.10308492539855425,23,5,9,2823,27,21,15940,3153,27,4.0
40,7,0,1,0,0,0.04740406320541761,0,0,0,0,0,0,0,0,0,0.0
36,8,0,1,0,0,0.09369611525393239,14,10,6,1096,16,19,1294,1246,16,2.0
22,7,0,0,1,0,0.04740406320541761,9,0,4,850,11,9,1354,994,11,2.0
44,10,1,0,0,0,0.04740406320541761,16,3,4,1480,20,23,10665,1776,20,4.0
23,6,0,1,0,0,0.1293369061013827,19,14,6,1980,23,25,5737,2276,23,4.0
50,11,1,0,0,0,0.04740406320541761,33,27,5,5203,41,44,13097,5803,41,8.0
48,11,1,0,0,0,0.0489267334746623,0,0,0,0,0,0,0,0,0,0.0
95,19,0,1,0,0,0.04740406320541761,1,1,1,90,1,4,354,90,1,0.0
38,9,0,1,0,0,0.214876033036621,288,279,10,20749,294,431,1058608,21187,294,6.0
50,9,0,0,1,0,0.04740406320541761,0,0,0,0,0,0,0,0,0,0.0
40,9,0,1,0,0,0.04740406320541761,24,0,9,2112,28,29,16019,2404,28,4.0
46,12,1,0,0,0,0.04740406320541761,70,21,7,9463,80,80,133235,10217,80,10.0
56,11,0,1,0,0,0.04740406320541761,0,0,0,0,0,0,0,0,0,0.0
60,12,0,1,0,0,0.04740406320541761,3,0,1,466,5,6,490,618,5,2.0
34,7,0,0,1,0,0.1293369061013827,0,0,0,0,0,0,0,0,0,0.0
58,9,1,0,0,0,0.04740406320541761,5,3,3,474,5,4,244,474,5,0.0
47,10,0,0,1,0,0.04740406320541761,0,0,0,0,0,0,0,0,0,0.0
39,8,0,1,0,0,0.04740406320541761,66,56,7,8252,78,77,61807,9152,78,12.0
30,6,1,0,0,0,0.04740406320541761,22,17,2,3914,28,27,9833,4350,28,6.0
52,10,0,1,0,0,0.04740406320541761,5,3,3,486,5,7,436,486,5,0.0
49,13,0,1,0,0,0.18542786213928789,18,0,3,1643,22,25,14342,1935,22,4.0
67,9,1,0,0,0,0.214876033036621,7,5,4,606,7,7,473,606,7,0.0
43,10,0,1,0,0,0.04740406320541761,11,0,1,883,13,13,8893,1037,13,2.0
44,9,1,0,0,0,0.04740406320541761,10,0,5,1197,14,15,1424,1503,14,4.0
89,16,0,1,0,0,0.04740406320541761,6,3,2,564,6,4,244,564,6,0.0
41,10,1,0,0,0,0.04740406320541761,8,3,8,552,8,5,420,552,8,0.0
111,22,0,1,0,0,0.11705246978538265,13,1,7,1524,17,12,1603,1844,17,4.0
21,6,0,0,1,0,0.214876033036621,7,7,3,618,7,9,562,618,7,0.0
29,6,0,1,0,0,0.09369611525393239,0,0,0,0,0,0,0,0,0,0.0
69,12,1,0,0,0,0.10462280885991233,23,1,10,1783,27,26,18427,2095,27,4.0
64,14,0,1,0,0,0.04740406320541761,0,0,0,0,0,0,0,0,0,0.0
141,24,0,1,0,0,0.04740406320541761,31,7,6,3925,39,35,21489,4535,39,8.0
51,10,1,0,0,0,0.04740406320541761,0,0,0,0,0,0,0,0,0,0.0
53,12,1,0,0,0,0.04740406320541761,8,0,1,1156,10,10,2638,1316,10,2.0
137,25,1,0,0,0,0.04740406320541761,0,0,0,0,0,0,0,0,0,0.0
32,6,1,0,0,0,0.04740406320541761,0,0,0,0,0,0,0,0,0,0.0
58,11,0,1,0,0,0.214876033036621,20,9,4,3076,26,23,8668,3494,26,6.0
53,12,1,0,0,0,0.214876033036621,15,2,5,1944,21,21,2698,2416,21,6.0
129,18,0,1,0,0,0.04740406320541761,9,3,5,702,9,4,244,702,9,0.0
79,14,1,0,0,0,0.016914153705329456,0,0,0,0,0,0,0,0,0,0.0
42,8,0,1,0,0,0.04740406320541761,28,20,2,2780,32,36,27390,3064,32,4.0
31,6,1,0,0,0,0.214876033036621,23,17,3,3981,29,27,9867,4417,29,6.0
35,7,0,1,0,0,0.04740406320541761,0,0,0,0,0,0,0,0,0,0.0
39,9,1,0,0,0,0.016914153705329456,0,0,0,0,0,0,0,0,0,0.0
82,17,0,0,1,0,0.04740406320541761,5,4,2,498,5,6,376,498,5,0.0
83,21,0,1,0,0,0.04740406320541761,22,8,7,1628,26,25,14894,1944,26,4.0
79,16,1,0,0,0,0.04740406320541761,13,1,3,1763,19,19,2308,2233,19,6.0
77,14,0,1,0,0,0.04740406320541761,25,20,3,3591,31,31,13757,4041,31,6.0
40,12,0,1,0,0,0.04740406320541761,0,0,0,0,0,0,0,0,0,0.0
151,29,0,1,0,0,0.9393046570130593,0,0,0,0,0,3,186,0,0,0.0
56,10,0,1,0,0,0.04740406320541761,4,3,2,432,4,5,310,432,4,0.0
39,9,0,0,1,0,0.04740406320541761,23,17,8,1970,27,26,2183,2262,27,4.0
30,6,0,1,0,0,0.04740406320541761,15,2,6,1528,19,17,5586,1860,19,4.0
63,11,0,1,0,0,0.04740406320541761,0,0,0,0,0,0,0,0,0,0.0
60,13,0,1,0,0,0.04740406320541761,38,32,3,4488,44,44,44959,4944,44,6.0
21,7,1,0,0,0,0.2821016227362368,6,0,2,603,8,9,1580,745,8,2.0
56,11,1,0,0,0,0.214876033036621,5,5,3,450,5,7,479,450,5,0.0
143,26,0,1,0,0,0.9393046570130593,0,0,0,0,0,2,124,0,0,0.0
40,9,0,1,0,0,0.04740406320541761,0,0,0,0,0,0,0,0,0,0.0
44,11,1,0,0,0,0.214876033036621,0,0,0,0,0,0,0,0,0,0.0
76,13,1,0,0,0,0.016914153705329456,10,4,5,780,10,7,442,780,10,0.0
54,9,0,1,0,0,0.04740406320541761,4,1,3,280,6,7,542,422,6,2.0
79,15,0,1,0,0,0.214876033036621,15,0,4,1301,17,7,552,1455,17,2.0
52,10,1,0,0,0,0.04740406320541761,4,3,2,432,4,6,376,432,4,0.0
104,20,0,1,0,0,0.04740406320541761,14,3,11,1260,18,17,1646,1576,18,4.0
35,6,0,0,1,0,0.214876033036621,22,15,8,1527,24,25,1928,1699,24,2.0
47,11,0,1,0,0,0.11705246978538265,61,46,14,6679,69,68,59369,7271,69,8.0
78,13,0,1,0,0,0.04740406320541761,8,6,6,696,8,9,574,696,8,0.0
33,8,0,1,0,0,0.04740406320541761,0,0,0,0,0,0,0,0,0,0.0
22,6,1,0,0,0,0.04740406320541761,0,0,0,0,0,0,0,0,0,0.0
90,16,0,1,0,0,0.04740406320541761,7,4,4,630,7,9,568,630,7,0.0
39,8,0,1,0,0,0.04740406320541761,0,0,0,0,0,0,0,0,0,0.0
126,25,0,1,0,0,0.9393046570130593,0,0,0,0,0,3,186,0,0,0.0
71,12,0,1,0,0,0.04740406320541761,65,48,7,6391,71,77,83389,6819,71,6.0
33,7,1,0,0,0,0.214876033036621,4,3,2,420,4,5,304,420,4,0.0
23,6,0,1,0,0,0.04740406320541761,10,0,5,1186,14,15,1900,1476,14,4.0
46,9,0,1,0,0,0.04740406320541761,6,4,4,564,6,8,504,564,6,0.0
55,10,0,1,0,0,0.016914153705329456,4,3,2,432,4,4,244,432,4,0.0
72,15,0,1,0,0,0.04740406320541761,47,13,6,6078,53,52,40968,6520,53,6.0
39,7,0,1,0,0,0.10308492539855425,9,0,1,865,11,12,19264,1045,11,2.0
82,17,0,1,0,0,0.04740406320541761,0,0,0,0,0,2,124,0,0,0.0
141,27,0,1,0,0,0.9393046570130593,0,0,0,0,0,3,186,0,0,0.0
44,9,1,0,0,0,0.04740406320541761,20,4,6,2097,24,23,9280,2381,24,4.0
100,20,0,1,0,0,0.9393046570130593,0,0,0,0,0,3,186,0,0,0.0
43,9,0,1,0,0,0.04740406320541761,4,3,2,420,4,6,366,420,4,0.0
83,19,1,0,0,0,0.10605442842508905,9,0,3,1165,15,16,1673,1673,15,6.0
61,11,0,0,1,0,0.04740406320541761,10,5,7,792,10,15,971,792,10,0.0
59,10,0,1,0,0,0.09580652013133378,10,3,8,828,10,16,1036,828,10,0.0
73,13,1,0,0,0,0.04740406320541761,0,0,0,0,0,0,0,0,0,0.0
79,13,1,0,0,0,0.04740406320541761,0,0,0,0,0,0,0,0,0,0.0
66,10,0,1,0,0,0.214876033036621,6,2,4,540,6,7,438,540,6,0.0
99,14,1,0,0,0,0.04740406320541761,0,0,0,0,0,0,0,0,0,0.0
47,11,0,1,0,0,0.214876033036621,15,1,7,1552,21,20,2790,2000,21,6.0
30,6,0,1,0,0,0.04740406320541761,31,23,3,3605,39,41,34388,4183,39,8.0
52,10,1,0,0,0,0.04740406320541761,0,0,0,0,0,0,0,0,0,0.0
60,10,0,1,0,0,0.18542786213928789,6,6,3,540,6,9,617,540,6,0.0
48,14,0,1,0,0,0.31346036063705446,48,0,1,3450,50,51,66124,3602,50,2.0
81,16,0,0,1,0,0.04740406320541761,2,2,1,276,2,3,184,276,2,0.0
49,9,1,0,0,0,0.04740406320541761,19,6,9,1720,25,27,2880,2138,25,6.0
50,14,1,0,0,0,0.04740406320541761,20,2,5,1849,26,22,26589,2279,26,6.0
30,7,0,1,0,0,0.04740406320541761,14,9,3,1918,18,17,5546,2182,18,4.0
100,20,0,1,0,0,0.9393046570130593,0,0,0,0,0,2,124,0,0,0.0
40,10,0,1,0,0,0.04740406320541761,0,0,0,0,0,0,0,0,0,0.0
58,9,0,0,1,0,0.04740406320541761,14,0,1,1794,18,18,2242,2102,18,4.0
63,12,0,1,0,0,0.214876033036621,48,0,1,3840,52,51,52729,4156,52,4.0
116,19,1,0,0,0,0.09580652013133378,0,0,0,0,0,0,0,0,0,0.0
28,6,1,0,0,0,0.04740406320541761,0,0,0,0,0,0,0,0,0,0.0
76,13,0,0,1,0,0.214876033036621,18,5,6,2032,24,19,2033,2464,24,6.0
76,15,1,0,0,0,0.04740406320541761,47,0,5,4544,55,57,53238,5134,55,8.0
42,7,0,1,0,0,0.04740406320541761,51,11,7,4601,57,55,45279,5103,57,6.0
89,20,0,1,0,0,0.04740406320541761,25,0,8,2200,29,30,28829,2480,29,4.0
58,12,0,1,0,0,0.04740406320541761,0,0,0,0,0,0,0,0,0,0.0
24,7,0,1,0,0,0.214876033036621,16,6,8,2279,22,22,2562,2729,22,6.0
30,6,1,0,0,0,0.04740406320541761,0,0,0,0,0,0,0,0,0,0.0
38,8,0,1,0,0,0.04740406320541761,16,0,3,1879,22,20,8768,2307,22,6.0
124,24,0,1,0,0,0.9393046570130593,0,0,0,0,0,2,124,0,0,0.0
32,8,0,1,0,0,0.04740406320541761,36,0,2,3185,40,40,50608,3465,40,4.0
106,19,0,0,1,0,0.04740406320541761,18,13,4,3381,24,22,14656,3851,24,6.0
58,13,0,1,0,0,0.04740406320541761,10,0,2,1692,14,15,8467,2004,14,4.0
88,17,0,1,0,0,0.016914153705329456,4,3,2,432,4,6,372,432,4,0.0
20,5,0,1,0,0,0.214876033036621,0,0,0,0,2,3,213,146,2,2.0
54,10,1,0,0,0,0.04740406320541761,1194,12,8,99843,1198,1284,2060012,100151,1198,4.0
126,23,0,1,0,0,0.9393046570130593,0,0,0,0,0,2,124,0,0,0.0
56,8,1,0,0,0,0.04740406320541761,0,0,0,0,0,2,124,0,0,0.0
39,8,0,1,0,0,0.214876033036621,22,9,9,1560,22,18,1334,1560,22,0.0
34,7,0,1,0,0,0.016914153705329456,8,6,5,696,8,10,636,696,8,0.0
68,13,0,1,0,0,0.04740406320541761,20,1,4,1900,24,25,15998,2204,24,4.0
50,10,0,1,0,0,0.016914153705329456,0,0,0,0,0,0,0,0,0,0.0
86,13,1,0,0,0,0.04740406320541761,20,0,2,2487,26,18,2587,2979,26,6.0
49,9,0,1,0,0,0.016914153705329456,8,0,5,516,8,2,124,516,8,0.0
105,17,0,1,0,0,0.214876033036621,18,10,9,1212,18,11,682,1212,18,0.0
43,11,1,0,0,0,0.214876033036621,10,0,5,925,12,12,1399,1079,12,2.0
37,7,1,0,0,0,0.04740406320541761,0,0,0,0,0,0,0,0,0,0.0
100,20,0,1,0,0,0.9393046570130593,0,0,0,0,0,3,186,0,0,0.0
34,9,1,0,0,0,0.04740406320541761,21,0,5,2292,23,24,16147,2450,23,2.0
68,13,1,0,0,0,0.04740406320541761,0,0,0,0,0,0,0,0,0,0.0
75,13,0,0,1,0,0.214876033036621,23,14,7,2472,27,19,6776,2796,27,4.0
30,6,0,1,0,0,0.10308492539855425,0,0,0,0,0,0,0,0,0,0.0
39,9,1,0,0,0,0.04740406320541761,38,33,1,6419,48,47,29141,7171,48,10.0
43,9,0,1,0,0,0.04740406320541761,9,5,6,750,9,8,502,750,9,0.0
149,23,1,0,0,0,0.016914153705329456,0,0,0,0,0,0,0,0,0,0.0
104,17,0,1,0,0,0.04740406320541761,0,0,0,0,0,0,0,0,0,0.0
41,11,0,1,0,0,0.2464738737604001,22,0,3,2316,26,28,31378,2640,26,4.0
51,9,1,0,0,0,0.04740406320541761,0,0,0,0,0,0,0,0,0,0.0
39,8,0,1,0,0,0.04740406320541761,0,0,0,0,0,0,0,0,0,0.0
97,19,0,1,0,0,0.214876033036621,19,3,4,1948,23,26,12186,2280,23,4.0
59,12,0,1,0,0,0.10308492539855425,22,12,5,3142,30,24,7684,3746,30,8.0
29,8,0,0,1,0,0.0489267334746623,0,0,0,0,0,0,0,0,0,0.0
132,26,0,1,0,0,0.9393046570130593,0,0,0,0,0,3,186,0,0,0.0
38,10,0,1,0,0,0.10462280885991233,16,0,5,1927,20,20,8052,2219,20,4.0
52,12,0,1,0,0,0.11705246978538265,0,0,0,0,0,0,0,0,0,0.0
103,20,0,1,0,0,0.04740406320541761,0,0,0,0,0,0,0,0,0,0.0
44,9,0,1,0,0,0.04740406320541761,0,0,0,0,0,0,0,0,0,0.0
70,12,1,0,0,0,0.04740406320541761,19,12,7,2506,23,27,7448,2810,23,4.0
39,9,0,1,0,0,0.04740406320541761,9,8,6,714,9,11,788,714,9,0.0
69,11,0,1,0,0,0.04740406320541761,19,0,4,1878,25,23,18769,2358,25,6.0
31,7,1,0,0,0,0.04740406320541761,0,0,0,0,0,0,0,0,0,0.0
59,11,1,0,0,0,0.04740406320541761,0,0,0,0,0,0,0,0,0,0.0
61,14,0,1,0,0,0.214876033036621,0,0,0,0,0,0,0,0,0,0.0
42,7,0,1,0,0,0.04740406320541761,19,15,3,2864,23,26,10465,3168,23,4.0
29,6,0,1,0,0,0.04740406320541761,24,1,3,2195,29,30,55576,2515,29,4.0
46,8,0,1,0,0,0.04740406320541761,7,0,2,680,11,10,1363,1002,11,4.0
53,11,1,0,0,0,0.04740406320541761,0,0,0,0,0,0,0,0,0,0.0
32,7,1,0,0,0,0.04740406320541761,49,42,5,7613,61,52,24774,8497,61,12.0
49,10,1,0,0,0,0.04740406320541761,43,11,15,5371,49,46,16215,5845,49,6.0
35,8,1,0,0,0,0.2821016227362368,15,1,2,1850,21,23,2970,2302,21,6.0
35,7,1,0,0,0,0.1293369061013827,5,4,3,474,5,6,364,474,5,0.0
99,16,0,1,0,0,0.04740406320541761,4,3,2,432,4,5,310,432,4,0.0
38,6,0,1,0,0,0.04740406320541761,58,40,3,8165,66,77,54909,8787,66,8.0
29,6,1,0,0,0,0.04740406320541761,0,0,0,0,0,0,0,0,0,0.0
61,11,0,0,1,0,0.04740406320541761,0,0,0,0,0,0,0,0,0,0.0
32,8,0,0,1,0,0.214876033036621,11,10,6,798,11,15,1124,798,11,0.0
78,15,1,0,0,0,0.04740406320541761,8,6,6,672,8,9,562,672,8,0.0
48,9,1,0,0,0,0.31346036063705446,10,3,3,1224,16,15,1814,1696,16,6.0
34,7,1,0,0,0,0.04740406320541761,0,0,0,0,0,0,0,0,0,0.0
75,14,0,1,0,0,0.04740406320541761,39,18,14,4631,49,42,12921,5353,49,10.0
108,18,0,1,0,0,0.04740406320541761,28,20,1,4422,36,34,44454,4982,36,8.0
104,18,0,1,0,0,0.04740406320541761,3,3,1,366,3,4,244,366,3,0.0
59,10,1,0,0,0,0.12640152255382542,0,0,0,0,0,0,0,0,0,0.0
73,17,0,1,0,0,0.04740406320541761,0,0,0,0,0,0,0,0,0,0.0
38,9,0,1,0,0,0.04740406320541761,0,0,0,0,0,0,0,0,0,0.0
89,18,0,1,0,0,0.9393046570130593,0,0,0,0,0,2,124,0,0,0.0
49,12,0,1,0,0,0.04740406320541761,8,0,2,811,10,11,6062,961,10,2.0
33,7,0,1,0,0,0.04740406320541761,0,0,0,0,0,0,0,0,0,0.0
43,9,0,1,0,0,0.08411951038412753,33,1,4,2756,37,37,41938,3032,37,4.0
16,6,0,1,0,0,0.214876033036621,17,7,4,1230,17,19,1265,1230,17,0.0
28,7,0,1,0,0,0.04740406320541761,17,12,3,2314,23,27,21419,2740,23,6.0
45,10,1,0,0,0,0.04740406320541761,0,0,0,0,0,0,0,0,0,0.0
114,23,0,1,0,0,0.04740406320541761,4,2,3,396,4,4,246,396,4,0.0
52,10,0,1,0,0,0.04740406320541761,0,0,0,0,0,0,0,0,0,0.0
88,17,0,1,0,0,0.04740406320541761,8,8,1,1008,8,8,486,1008,8,0.0
73,14,0,1,0,0,0.04740406320541761,0,0,0,0,0,0,0,0,0,0.0
72,11,1,0,0,0,0.04740406320541761,0,0,0,0,0,0,0,0,0,0.0
85,15,0,1,0,0,0.04740406320541761,7,7,3,582,7,9,632,582,7,0.0
65,13,1,0,0,0,0.214876033036621,30,2,9,2510,34,34,34105,2810,34,4.0
97,15,0,1,0,0,0.2361629027880869,3,0,2,198,3,6,384,198,3,0.0
39,8,0,1,0,0,0.04740406320541761,61,52,4,7271,71,68,60586,8017,71,10.0
83,15,0,1,0,0,0.04740406320541761,29,0,3,2523,33,34,44807,2881,33,4.0
58,9,0,0,1,0,0.214876033036621,15,10,3,2344,19,17,6649,2668,19,4.0
63,12,0,1,0,0,0.04740406320541761,14,3,4,2108,18,22,3406,2388,18,4.0
101,18,0,1,0,0,0.04740406320541761,61,51,6,6027,69,76,124751,6601,69,8.0
72,12,1,0,0,0,0.04740406320541761,0,0,0,0,0,0,0,0,0,0.0
44,8,1,0,0,0,0.04740406320541761,19,0,2,1809,23,23,26805,2125,23,4.0
100,20,0,1,0,0,0.9393046570130593,0,0,0,0,0,2,124,0,0,0.0
63,11,1,0,0,0,0.04740406320541761,31,13,8,5105,43,28,13437,5105,43,0.0
90,16,0,1,0,0,0.04740406320541761,38,1,9,3432,42,48,64807,3754,42,4.0
36,7,0,0,1,0,0.04740406320541761,0,0,0,0,0,0,0,0,0,0.0
43,10,0,1,0,0,0.04740406320541761,23,15,9,2479,27,24,6085,2743,27,4.0
75,13,0,1,0,0,0.04740406320541761,8,0,6,801,10,9,677,951,10,2.0
80,12,0,1,0,0,0.04740406320541761,0,0,0,0,0,0,0,0,0,0.0
45,9,0,1,0,0,0.016914153705329456,185,0,2,13834,187,263,488313,13992,187,2.0
71,12,0,1,0,0,0.04740406320541761,30,20,10,3317,36,35,8700,3747,36,6.0
65,12,0,1,0,0,0.04740406320541761,0,0,0,0,0,0,0,0,0,0.0
52,11,1,0,0,0,0.10462280885991233,16,2,3,1364,18,23,16978,1502,18,2.0
43,8,0,0,1,0,0.04740406320541761,0,0,0,0,0,0,0,0,0,0.0
43,8,1,0,0,0,0.04740406320541761,0,0,0,0,0,0,0,0,0,0.0
67,14,0,1,0,0,0.04740406320541761,0,0,0,0,0,0,0,0,0,0.0
72,14,0,1,0,0,0.04740406320541761,12,5,4,960,12,8,498,960,12,0.0
72,11,1,0,0,0,0.04740406320541761,0,0,0,0,0,0,0,0,0,0.0
63,10,0,0,1,0,0.04740406320541761,3,3,1,366,3,4,244,366,3,0.0
128,25,0,1,0,0,0.08411951038412753,4,3,2,432,4,7,432,432,4,0.0
63,11,0,1,0,0,0.09580652013133378,44,5,9,3414,48,46,47213,3722,48,4.0
81,13,0,0,1,0,0.04740406320541761,16,1,2,2074,22,27,10646,2540,22,6.0
70,14,0,1,0,0,0.04740406320541761,48,11,11,3684,54,53,47558,4164,54,6.0
84,14,0,1,0,0,0.04740406320541761,11,11,7,834,11,13,894,834,11,0.0
70,15,0,1,0,0,0.04740406320541761,0,0,0,0,0,0,0,0,0,0.0
117,19,0,1,0,0,0.214876033036621,20,0,1,4317,24,22,21620,4637,24,4.0
108,23,0,1,0,0,0.04740406320541761,9,0,3,1481,13,12,1327,1773,13,4.0
100,20,0,1,0,0,0.9393046570130593,1,0,1,66,1,3,190,66,1,0.0
47,10,0,1,0,0,0.0489267334746623,7,7,3,618,7,10,624,618,7,0.0
43,12,1,0,0,0,0.214876033036621,8,0,3,803,12,12,2190,1097,12,4.0
54,10,0,1,0,0,0.12640152255382542,3,3,1,366,3,3,182,366,3,0.0
41,8,0,0,1,0,0.1293369061013827,0,0,0,0,0,0,0,0,0,0.0
44,9,1,0,0,0,0.09580652013133378,6,0,1,672,8,8,1381,834,8,2.0
42,13,0,1,0,0,0.214876033036621,7,1,5,466,11,10,822,760,11,4.0
57,13,0,1,0,0,0.04740406320541761,42,7,12,3944,48,40,23329,4404,48,6.0
64,13,1,0,0,0,0.04740406320541761,0,0,0,0,0,0,0,0,0,0.0
60,11,0,0,1,0,0.09967609892988044,0,0,0,0,0,0,0,0,0,0.0
40,9,1,0,0,0,0.04740406320541761,5,3,3,486,5,4,244,486,5,0.0
56,11,1,0,0,0,0.2361629027880869,7,0,2,752,9,9,1197,916,9,2.0
40,8,0,1,0,0,0.04740406320541761,20,5,9,2948,24,27,5557,3248,24,4.0
60,11,0,1,0,0,0.04740406320541761,101,4,15,7002,107,79,172138,7422,107,6.0
46,11,0,1,0,0,0.04740406320541761,7,4,3,582,7,8,596,582,7,0.0
100,20,0,1,0,0,0.9393046570130593,0,0,0,0,0,3,186,0,0,0.0
74,13,0,1,0,0,0.04740406320541761,3,3,1,366,3,5,306,366,3,0.0
39,9,0,1,0,0,0.04740406320541761,0,0,0,0,0,0,0,0,0,0.0
27,6,0,0,1,0,0.04740406320541761,0,0,0,0,0,0,0,0,0,0.0
54,9,0,0,1,0,0.214876033036621,34,2,5,5325,40,44,86136,5785,40,6.0
41,8,0,1,0,0,0.11705246978538265,8,0,1,1078,12,12,1532,1390,12,4.0
64,13,1,0,0,0,0.04740406320541761,0,0,0,0,0,0,0,0,0,0.0
46,8,1,0,0,0,0.04740406320541761,0,0,0,0,0,0,0,0,0,0.0
49,10,1,0,0,0,0.04740406320541761,9,0,2,851,11,9,2135,1003,11,2.0
96,18,0,1,0,0,0.04740406320541761,0,0,0,0,0,0,0,0,0,0.0
80,14,0,0,1,0,0.214876033036621,5,4,2,498,5,7,438,498,5,0.0
50,11,0,1,0,0,0.214876033036621,20,1,4,2330,28,24,3609,2912,28,8.0
91,19,0,1,0,0,0.10143705470625013,0,0,0,0,0,0,0,0,0,0.0
55,10,0,1,0,0,0.04740406320541761,0,0,0,0,0,0,0,0,0,0.0
32,7,0,1,0,0,0.04740406320541761,43,26,14,4214,49,28,9246,4650,49,6.0
38,6,0,0,1,0,0.214876033036621,6,6,3,540,6,8,539,540,6,0.0
47,12,0,1,0,0,0.04740406320541761,29,20,8,4167,33,33,3181,4499,33,4.0
49,10,0,1,0,0,0.12640152255382542,9,5,6,738,9,15,1064,738,9,0.0
38,8,0,0,1,0,0.04740406320541761,23,7,7,1967,29,24,6542,2417,29,6.0
46,10,1,0,0,0,0.214876033036621,28,0,3,4364,30,22,22879,4498,30,2.0
100,20,0,1,0,0,0.9393046570130593,0,0,0,0,0,2,124,0,0,0.0
63,14,1,0,0,0,0.214876033036621,18,0,2,1676,22,22,21002,1968,22,4.0
55,12,0,1,0,0,0.31346036063705446,52,0,1,3721,54,57,66445,3873,54,2.0
43,9,0,1,0,0,0.04740406320541761,83,2,3,6008,87,107,147266,6312,87,4.0
106,21,0,1,0,0,0.04740406320541761,0,0,0,0,0,0,0,0,0,0.0
42,9,0,0,1,0,0.04740406320541761,29,14,15,2767,33,27,3550,3073,33,4.0
52,9,1,0,0,0,0.04740406320541761,6,3,3,564,6,7,442,564,6,0.0
90,17,1,0,0,0,0.04740406320541761,7,3,3,606,7,4,244,606,7,0.0
45,9,0,0,0,1,0.04740406320541761,15,0,2,2730,19,23,9605,3046,19,4.0
44,8,0,1,0,0,0.04740406320541761,17,12,4,2401,23,23,19291,2827,23,6.0
27,6,0,1,0,0,0.214876033036621,6,0,4,631,8,11,812,787,8,2.0
47,9,0,1,0,0,0.04740406320541761,55,45,5,6240,63,64,69305,6824,63,8.0
95,19,1,0,0,0,0.04740406320541761,5,3,3,486,5,5,306,486,5,0.0
38,7,0,1,0,0,0.04740406320541761,42,20,4,4268,50,40,40666,4998,50,8.0
40,11,0,1,0,0,0.214876033036621,21,1,5,2383,29,25,3786,2983,29,8.0
56,9,1,0,0,0,0.04740406320541761,57,51,3,8171,69,59,26659,9059,69,12.0
55,12,1,0,0,0,0.04740406320541761,0,0,0,0,0,0,0,0,0,0.0
51,10,1,0,0,0,0.12640152255382542,7,1,2,769,9,10,1298,909,9,2.0
47,9,1,0,0,0,0.016914153705329456,0,0,0,0,0,0,0,0,0,0.0
32,8,0,1,0,0,0.08411951038412753,5,3,2,474,5,7,426,474,5,0.0
29,6,0,0,1,0,0.016914153705329456,3,3,1,366,3,5,306,366,3,0.0
55,9,1,0,0,0,0.04740406320541761,56,52,4,7621,66,74,58567,8357,66,10.0
23,6,1,0,0,0,0.016914153705329456,40,17,16,3285,46,45,12003,3729,46,6.0
54,10,1,0,0,0,0.04740406320541761,40,9,9,4562,44,44,49870,4884,44,4.0
33,6,0,1,0,0,0.04740406320541761,7,5,4,606,7,6,474,606,7,0.0
82,14,0,1,0,0,0.214876033036621,14,9,2,2200,20,18,6009,2682,20,6.0
38,8,0,1,0,0,0.04740406320541761,0,0,0,0,0,0,0,0,0,0.0
35,9,0,1,0,0,0.04740406320541761,4,3,2,432,4,6,372,432,4,0.0
39,10,1,0,0,0,0.214876033036621,8,0,1,809,12,11,1321,1101,12,4.0
38,7,0,1,0,0,0.04740406320541761,4,3,2,432,4,4,244,432,4,0.0
42,10,0,1,0,0,0.04740406320541761,0,0,0,0,0,0,0,0,0,0.0
83,13,1,0,0,0,0.04740406320541761,24,3,7,2676,28,20,3594,3000,28,4.0
59,11,0,0,1,0,0.0489267334746623,24,3,6,2752,30,24,8910,3230,30,6.0
56,11,0,1,0,0,0.04740406320541761,0,0,0,0,0,0,0,0,0,0.0
81,15,0,1,0,0,0.214876033036621,53,13,11,6257,61,64,30118,6891,61,8.0
43,9,1,0,0,0,0.016914153705329456,20,4,7,1511,22,21,14430,1663,22,2.0
59,10,0,0,1,0,0.04740406320541761,0,0,0,0,0,0,0,0,0,0.0
70,10,1,0,0,0,0.04740406320541761,49,7,3,3802,49,50,57628,3802,49,0.0
40,7,0,1,0,0,0.04740406320541761,3,3,1,366,3,5,306,366,3,0.0
25,6,1,0,0,0,0.04740406320541761,36,17,9,4737,42,35,10343,5173,42,6.0
20,7,1,0,0,0,0.214876033036621,0,0,0,0,0,0,0,0,0,0.0
60,11,1,0,0,0,0.214876033036621,0,0,0,0,0,0,0,0,0,0.0
56,9,0,1,0,0,0.016914153705329456,0,0,0,0,0,0,0,0,0,0.0
39,8,0,1,0,0,0.11705246978538265,0,0,0,0,0,0,0,0,0,0.0
38,8,0,1,0,0,0.08411951038412753,0,0,0,0,0,0,0,0,0,0.0
32,11,0,1,0,0,0.214876033036621,22,1,5,2783,30,26,3824,3367,30,8.0
46,12,1,0,0,0,0.214876033036621,12,0,3,1351,16,15,9692,1641,16,4.0
33,9,0,1,0,0,0.214876033036621,4,0,4,264,4,6,388,264,4,0.0
47,9,0,1,0,0,0.10143705470625013,8,7,4,684,8,10,624,684,8,0.0
56,9,0,0,1,0,0.04740406320541761,12,3,7,1080,14,14,2498,1260,14,2.0
49,10,0,1,0,0,0.04740406320541761,14,1,3,1567,18,20,6818,1859,18,4.0
36,7,0,1,0,0,0.04740406320541761,0,0,0,0,0,0,0,0,0,0.0
45,10,0,1,0,0,0.04740406320541761,19,0,3,1816,23,22,12138,2104,23,4.0
35,7,0,1,0,0,0.04740406320541761,45,3,7,3507,49,46,42286,3857,49,4.0
54,10,0,1,0,0,0.04740406320541761,37,0,5,7178,43,41,20954,7644,43,6.0
64,11,0,1,0,0,0.04740406320541761,39,18,14,4631,49,42,12921,5353,49,10.0
80,13,1,0,0,0,0.214876033036621,16,1,4,1739,20,20,12620,2059,20,4.0
39,9,0,1,0,0,0.04740406320541761,3,3,1,366,3,5,306,366,3,0.0
198,17,0,1,0,0,0.9393046570130593,0,0,0,0,0,2,124,0,0,0.0
47,9,1,0,0,0,0.04740406320541761,0,0,0,0,0,0,0,0,0,0.0
35,9,1,0,0,0,0.214876033036621,39,0,3,3240,45,45,35301,3722,45,6.0
53,10,0,0,1,0,0.08411951038412753,0,0,0,0,0,0,0,0,0,0.0
32,7,0,1,0,0,0.04740406320541761,94,0,4,11902,102,121,173484,12492,102,8.0
30,6,1,0,0,0,0.04740406320541761,76,47,12,9007,88,44,23985,9891,88,12.0
92,18,0,1,0,0,0.04740406320541761,0,0,0,0,0,0,0,0,0,0.0
45,9,1,0,0,0,0.04740406320541761,0,0,0,0,0,0,0,0,0,0.0
38,8,0,1,0,0,0.04740406320541761,23,12,8,3099,27,28,7395,3439,27,4.0
45,8,0,0,1,0,0.214876033036621,0,0,0,0,0,0,0,0,0,0.0
81,12,1,0,0,0,0.04740406320541761,47,3,8,3718,51,47,44519,4064,51,4.0
58,10,0,1,0,0,0.04740406320541761,5,4,2,474,5,7,442,474,5,0.0
41,7,1,0,0,0,0.04740406320541761,18,0,3,1868,22,23,18348,2202,22,4.0
73,14,0,1,0,0,0.04740406320541761,0,0,0,0,0,0,0,0,0,0.0
54,11,0,1,0,0,0.04740406320541761,20,11,6,3025,26,25,9200,3479,26,6.0
54,11,0,1,0,0,0.0489267334746623,0,0,0,0,0,0,0,0,0,0.0
73,17,1,0,0,0,0.04740406320541761,0,0,0,0,0,0,0,0,0,0.0
93,19,0,1,0,0,0.04740406320541761,1,1,1,90,1,4,354,90,1,0.0
57,10,0,1,0,0,0.10308492539855425,16,0,3,1345,18,19,18597,1495,18,2.0
32,7,1,0,0,0,0.04740406320541761,71,0,3,10999,73,70,88707,11147,73,2.0
23,7,0,1,0,0,0.214876033036621,24,5,8,1740,24,11,696,1740,24,0.0
46,6,1,0,0,0,0.04740406320541761,0,0,0,0,0,0,0,0,0,0.0
40,7,0,1,0,0,0.04740406320541761,0,0,0,0,0,0,0,0,0,0.0
77,14,1,0,0,0,0.214876033036621,32,7,9,2445,34,36,41408,2601,34,2.0
80,16,0,1,0,0,0.04740406320541761,0,0,0,0,0,0,0,0,0,0.0
142,22,1,0,0,0,0.04740406320541761,70,2,6,5398,74,68,137144,5740,74,4.0
71,11,0,0,1,0,0.04740406320541761,0,0,0,0,0,0,0,0,0,0.0
26,6,0,1,0,0,0.04740406320541761,0,0,0,0,0,0,0,0,0,0.0
70,15,0,1,0,0,0.04740406320541761,6,4,4,552,6,9,562,552,6,0.0
50,10,0,1,0,0,0.04740406320541761,64,49,12,7487,74,84,75625,8219,74,10.0
41,9,0,1,0,0,0.04740406320541761,34,27,3,4891,42,37,37001,5499,42,8.0
70,13,0,0,1,0,0.04740406320541761,8,0,3,1100,12,12,1570,1380,12,4.0
47,11,1,0,0,0,0.11705246978538265,26,11,7,3213,34,32,16931,3821,34,8.0
34,11,0,1,0,0,0.214876033036621,15,1,5,1632,21,18,2661,2068,21,6.0
20,6,1,0,0,0,0.214876033036621,25,19,4,3946,35,29,16408,4746,35,10.0
36,7,1,0,0,0,0.04740406320541761,0,0,0,0,0,0,0,0,0,0.0
42,7,1,0,0,0,0.04740406320541761,6,4,4,528,6,8,612,528,6,0.0
38,9,0,1,0,0,0.04740406320541761,0,0,0,0,0,0,0,0,0,0.0
66,10,0,1,0,0,0.04740406320541761,0,0,0,0,0,0,0,0,0,0.0
30,7,1,0,0,0,0.04740406320541761,0,0,0,0,0,0,0,0,0,0.0
48,11,0,1,0,0,0.04740406320541761,8,7,6,684,8,11,696,684,8,0.0
22,6,0,1,0,0,0.04740406320541761,39,29,6,3833,43,42,22495,4125,43,4.0
43,8,0,0,1,0,0.214876033036621,25,2,6,2444,31,17,1984,2874,31,6.0
82,17,1,0,0,0,0.214876033036621,20,6,5,2638,28,25,6137,3208,28,8.0
59,9,1,0,0,0,0.04740406320541761,0,0,0,0,0,0,0,0,0,0.0
84,14,1,0,0,0,0.04740406320541761,67,17,5,13331,73,70,67914,13771,73,6.0
48,10,0,1,0,0,0.0489267334746623,0,0,0,0,0,0,0,0,0,0.0
64,13,0,1,0,0,0.04740406320541761,0,0,0,0,0,0,0,0,0,0.0
94,19,0,1,0,0,0.04740406320541761,20,8,6,2976,26,23,8187,3476,26,6.0
41,7,1,0,0,0,0.04740406320541761,20,0,2,1895,22,24,13792,2055,22,2.0
126,19,0,1,0,0,0.09967609892988044,10,0,4,1368,16,15,3046,1850,16,6.0
44,8,0,1,0,0,0.04740406320541761,18,0,3,2274,22,21,31811,2554,22,4.0
52,12,0,1,0,0,0.04740406320541761,0,0,0,0,0,0,0,0,0,0.0
32,8,0,1,0,0,0.04740406320541761,0,0,0,0,0,0,0,0,0,0.0
52,9,0,1,0,0,0.214876033036621,51,1,10,4049,55,58,61312,4361,55,4.0
45,9,1,0,0,0,0.04740406320541761,0,0,0,0,0,0,0,0,0,0.0
81,15,1,0,0,0,0.04740406320541761,17,0,3,2281,21,22,29619,2581,21,4.0
120,20,0,0,1,0,0.04740406320541761,73,0,3,5466,77,78,97306,5774,77,4.0
40,7,0,1,0,0,0.04740406320541761,0,0,0,0,0,0,0,0,0,0.0
56,12,0,1,0,0,0.04740406320541761,8,3,3,847,16,18,1998,1435,16,8.0
39,8,0,0,1,0,0.10308492539855425,12,6,9,1063,14,16,1287,1213,14,2.0
92,18,1,0,0,0,0.04740406320541761,0,0,0,0,0,0,0,0,0,0.0
49,7,0,0,1,0,0.04740406320541761,0,0,0,0,0,0,0,0,0,0.0
46,10,0,1,0,0,0.04740406320541761,20,6,10,1392,20,12,766,1392,20,0.0
34,7,0,1,0,0,0.04740406320541761,6,3,4,552,6,9,564,552,6,0.0
22,6,1,0,0,0,0.04740406320541761,8,6,6,696,8,10,636,696,8,0.0
69,13,1,0,0,0,0.214876033036621,19,6,10,1483,23,21,2073,1775,23,4.0
39,9,0,1,0,0,0.214876033036621,4,3,2,420,4,5,310,420,4,0.0
60,10,0,1,0,0,0.04740406320541761,9,7,7,762,9,10,640,762,9,0.0
35,11,0,1,0,0,0.214876033036621,18,1,5,2157,24,22,2996,2595,24,6.0
52,10,0,1,0,0,0.04740406320541761,0,0,0,0,0,0,0,0,0,0.0
61,10,0,1,0,0,0.04740406320541761,5,5,3,498,5,8,508,498,5,0.0
38,8,1,0,0,0,0.04740406320541761,0,0,0,0,0,0,0,0,0,0.0
47,9,0,1,0,0,0.214876033036621,9,1,2,1180,13,15,1834,1484,13,4.0
75,14,0,1,0,0,0.04740406320541761,4,3,2,432,4,6,372,432,4,0.0
83,17,0,1,0,0,0.04740406320541761,0,0,0,0,0,0,0,0,0,0.0
37,9,1,0,0,0,0.214876033036621,19,0,6,1525,21,13,1363,1667,21,2.0
46,8,1,0,0,0,0.04740406320541761,125,0,1,8528,129,145,231799,8856,129,4.0
68,11,1,0,0,0,0.1293369061013827,0,0,0,0,0,0,0,0,0,0.0
110,15,1,0,0,0,0.04740406320541761,8,4,3,822,12,13,1527,1178,12,4.0
29,6,0,0,1,0,0.04740406320541761,12,8,6,900,12,9,568,900,12,0.0
112,19,0,1,0,0,0.214876033036621,6,1,4,728,8,17,1180,888,8,2.0
49,7,1,0,0,0,0.04740406320541761,6,3,3,552,6,7,436,552,6,0.0
58,12,0,1,0,0,0.04740406320541761,0,0,0,0,0,0,0,0,0,0.0
72,12,0,0,1,0,0.04740406320541761,0,0,0,0,0,0,0,0,0,0.0
26,6,1,0,0,0,0.04740406320541761,0,0,0,0,0,0,0,0,0,0.0
80,13,0,1,0,0,0.04740406320541761,50,43,12,7282,60,57,24220,8042,60,10.0
36,6,1,0,0,0,0.214876033036621,3,0,1,466,5,6,668,640,5,2.0
62,11,0,0,1,0,0.04740406320541761,0,0,0,0,0,0,0,0,0,0.0
39,8,0,1,0,0,0.04740406320541761,23,6,10,2679,29,26,7080,3121,29,6.0
29,7,0,0,1,0,0.2361629027880869,5,0,2,593,7,8,1128,751,7,2.0
100,20,0,1,0,0,0.9393046570130593,1,0,1,66,1,3,190,66,1,0.0
55,10,0,1,0,0,0.04740406320541761,31,3,5,3590,35,40,35749,3886,35,4.0
126,22,0,1,0,0,0.04740406320541761,7,0,2,985,13,12,1496,1433,13,6.0
57,9,1,0,0,0,0.04740406320541761,0,0,0,0,0,0,0,0,0,0.0
58,11,0,0,1,0,0.04740406320541761,5,4,2,486,5,9,672,486,5,0.0
65,11,0,1,0,0,0.04740406320541761,0,0,0,0,0,0,0,0,0,0.0
49,11,1,0,0,0,0.04740406320541761,0,0,0,0,0,0,0,0,0,0.0
78,15,1,0,0,0,0.09369611525393239,8,0,3,528,8,2,124,528,8,0.0
58,11,0,0,1,0,0.0489267334746623,0,0,0,0,0,0,0,0,0,0.0
